filename,author,size
147604newsML.txt,RobinSidel,4251
196812newsML.txt,RobinSidel,4007
219316newsML.txt,RobinSidel,2304
251225newsML.txt,RobinSidel,3493
177958newsML.txt,RobinSidel,3371
163815newsML.txt,RobinSidel,2456
198999newsML.txt,RobinSidel,2518
196990newsML.txt,RobinSidel,2567
110986newsML.txt,RobinSidel,2864
216335newsML.txt,RobinSidel,3387
153574newsML.txt,RobinSidel,3191
207287newsML.txt,RobinSidel,4050
142837newsML.txt,RobinSidel,2411
168806newsML.txt,RobinSidel,2167
163749newsML.txt,RobinSidel,3082
147744newsML.txt,RobinSidel,2806
166722newsML.txt,RobinSidel,2156
156766newsML.txt,RobinSidel,2953
163771newsML.txt,RobinSidel,2392
168531newsML.txt,RobinSidel,4236
104639newsML.txt,RobinSidel,2074
257938newsML.txt,RobinSidel,3391
140433newsML.txt,RobinSidel,3078
137061newsML.txt,RobinSidel,3162
105455newsML.txt,RobinSidel,2606
10726newsML.txt,RobinSidel,2108
144598newsML.txt,RobinSidel,2726
186416newsML.txt,RobinSidel,2265
220676newsML.txt,RobinSidel,2305
122605newsML.txt,RobinSidel,2856
168654newsML.txt,RobinSidel,3012
196693newsML.txt,RobinSidel,2170
110827newsML.txt,RobinSidel,2863
113551newsML.txt,RobinSidel,2917
264190newsML.txt,RobinSidel,4262
164273newsML.txt,RobinSidel,2413
243684newsML.txt,RobinSidel,2663
143798newsML.txt,RobinSidel,2359
259306newsML.txt,RobinSidel,3364
172865newsML.txt,RobinSidel,4286
129717newsML.txt,RobinSidel,2825
156978newsML.txt,RobinSidel,3128
207288newsML.txt,RobinSidel,3633
175201newsML.txt,RobinSidel,2925
206638newsML.txt,RobinSidel,4665
129289newsML.txt,RobinSidel,3446
255995newsML.txt,RobinSidel,3924
173005newsML.txt,RobinSidel,491
243641newsML.txt,RobinSidel,3287
173947newsML.txt,RobinSidel,4237
245918newsML.txt,LynnleyBrowning,3531
169353newsML.txt,LynnleyBrowning,3606
293211newsML.txt,LynnleyBrowning,2903
103703newsML.txt,LynnleyBrowning,2584
318451newsML.txt,LynnleyBrowning,3603
159726newsML.txt,LynnleyBrowning,4689
263781newsML.txt,LynnleyBrowning,3307
114005newsML.txt,LynnleyBrowning,3668
107881newsML.txt,LynnleyBrowning,3442
123245newsML.txt,LynnleyBrowning,3703
266599newsML.txt,LynnleyBrowning,2394
308394newsML.txt,LynnleyBrowning,3944
105018newsML.txt,LynnleyBrowning,3417
248885newsML.txt,LynnleyBrowning,3632
262566newsML.txt,LynnleyBrowning,3689
163468newsML.txt,LynnleyBrowning,3007
295731newsML.txt,LynnleyBrowning,2153
324280newsML.txt,LynnleyBrowning,3468
236661newsML.txt,LynnleyBrowning,3532
209593newsML.txt,LynnleyBrowning,3314
230857newsML.txt,LynnleyBrowning,3472
202315newsML.txt,LynnleyBrowning,3391
263722newsML.txt,LynnleyBrowning,3512
27013newsML.txt,LynnleyBrowning,3333
305426newsML.txt,LynnleyBrowning,3681
156303newsML.txt,LynnleyBrowning,3736
219830newsML.txt,LynnleyBrowning,3627
199480newsML.txt,LynnleyBrowning,3479
185549newsML.txt,LynnleyBrowning,3523
266625newsML.txt,LynnleyBrowning,3557
269386newsML.txt,LynnleyBrowning,3070
206315newsML.txt,LynnleyBrowning,3010
147283newsML.txt,LynnleyBrowning,3532
130255newsML.txt,LynnleyBrowning,3829
269345newsML.txt,LynnleyBrowning,3713
241692newsML.txt,LynnleyBrowning,3627
298904newsML.txt,LynnleyBrowning,3679
318404newsML.txt,LynnleyBrowning,3342
314644newsML.txt,LynnleyBrowning,3171
166151newsML.txt,LynnleyBrowning,3725
224891newsML.txt,LynnleyBrowning,3094
153131newsML.txt,LynnleyBrowning,3216
116673newsML.txt,LynnleyBrowning,3849
102195newsML.txt,LynnleyBrowning,3063
239652newsML.txt,LynnleyBrowning,3318
166214newsML.txt,LynnleyBrowning,3420
260916newsML.txt,LynnleyBrowning,2874
239689newsML.txt,LynnleyBrowning,3713
182130newsML.txt,LynnleyBrowning,3614
294148newsML.txt,LynnleyBrowning,3455
271793newsML.txt,KouroshKarimkhany,2738
170654newsML.txt,KouroshKarimkhany,2096
264379newsML.txt,KouroshKarimkhany,2173
299663newsML.txt,KouroshKarimkhany,2167
331262newsML.txt,KouroshKarimkhany,3096
128940newsML.txt,KouroshKarimkhany,2008
315358newsML.txt,KouroshKarimkhany,1879
183605newsML.txt,KouroshKarimkhany,4216
173933newsML.txt,KouroshKarimkhany,2456
298368newsML.txt,KouroshKarimkhany,2165
124768newsML.txt,KouroshKarimkhany,3551
113206newsML.txt,KouroshKarimkhany,3654
271795newsML.txt,KouroshKarimkhany,3379
271894newsML.txt,KouroshKarimkhany,3381
185419newsML.txt,KouroshKarimkhany,1163
290979newsML.txt,KouroshKarimkhany,4645
189198newsML.txt,KouroshKarimkhany,3949
200795newsML.txt,KouroshKarimkhany,1990
129309newsML.txt,KouroshKarimkhany,2155
120392newsML.txt,KouroshKarimkhany,3460
287796newsML.txt,KouroshKarimkhany,3954
123800newsML.txt,KouroshKarimkhany,3887
160557newsML.txt,KouroshKarimkhany,2450
313088newsML.txt,KouroshKarimkhany,4155
307652newsML.txt,KouroshKarimkhany,2061
104417newsML.txt,KouroshKarimkhany,2154
121032newsML.txt,KouroshKarimkhany,3477
117158newsML.txt,KouroshKarimkhany,1603
160129newsML.txt,KouroshKarimkhany,1963
272490newsML.txt,KouroshKarimkhany,4670
287103newsML.txt,KouroshKarimkhany,3537
218300newsML.txt,KouroshKarimkhany,2201
146032newsML.txt,KouroshKarimkhany,4533
311972newsML.txt,KouroshKarimkhany,1960
101520newsML.txt,KouroshKarimkhany,2727
331500newsML.txt,KouroshKarimkhany,2191
167199newsML.txt,KouroshKarimkhany,1883
183208newsML.txt,KouroshKarimkhany,2490
202658newsML.txt,KouroshKarimkhany,3090
150572newsML.txt,KouroshKarimkhany,2311
309316newsML.txt,KouroshKarimkhany,2064
285535newsML.txt,KouroshKarimkhany,2615
181666newsML.txt,KouroshKarimkhany,2494
330773newsML.txt,KouroshKarimkhany,3745
311931newsML.txt,KouroshKarimkhany,1879
108366newsML.txt,KouroshKarimkhany,3714
203674newsML.txt,KouroshKarimkhany,3096
172988newsML.txt,KouroshKarimkhany,1897
157930newsML.txt,KouroshKarimkhany,2276
283247newsML.txt,KouroshKarimkhany,2532
288745newsML.txt,MichaelConnor,500
183243newsML.txt,MichaelConnor,2614
120404newsML.txt,MichaelConnor,3848
122415newsML.txt,MichaelConnor,2103
124763newsML.txt,MichaelConnor,3100
119156newsML.txt,MichaelConnor,3181
375668newsML.txt,MichaelConnor,3021
184787newsML.txt,MichaelConnor,3789
287614newsML.txt,MichaelConnor,3976
307864newsML.txt,MichaelConnor,3240
105491newsML.txt,MichaelConnor,1490
40606newsML.txt,MichaelConnor,2806
379600newsML.txt,MichaelConnor,2582
270352newsML.txt,MichaelConnor,1776
269990newsML.txt,MichaelConnor,3234
288623newsML.txt,MichaelConnor,3362
186387newsML.txt,MichaelConnor,1821
357313newsML.txt,MichaelConnor,3247
305809newsML.txt,MichaelConnor,3253
152528newsML.txt,MichaelConnor,3086
298475newsML.txt,MichaelConnor,3164
320765newsML.txt,MichaelConnor,2220
360346newsML.txt,MichaelConnor,2357
239967newsML.txt,MichaelConnor,2780
13865newsML.txt,MichaelConnor,2015
261401newsML.txt,MichaelConnor,2090
309322newsML.txt,MichaelConnor,3339
22201newsML.txt,MichaelConnor,1895
13406newsML.txt,MichaelConnor,3788
269817newsML.txt,MichaelConnor,3018
239435newsML.txt,MichaelConnor,3496
324861newsML.txt,MichaelConnor,3209
418479newsML.txt,MichaelConnor,2599
372558newsML.txt,MichaelConnor,3546
257827newsML.txt,MichaelConnor,2810
237057newsML.txt,MichaelConnor,2630
328867newsML.txt,MichaelConnor,3402
285409newsML.txt,MichaelConnor,3617
13958newsML.txt,MichaelConnor,2564
233199newsML.txt,MichaelConnor,2923
102530newsML.txt,MichaelConnor,2561
353261newsML.txt,MichaelConnor,2928
299336newsML.txt,MichaelConnor,3502
406455newsML.txt,MichaelConnor,2193
363969newsML.txt,MichaelConnor,2356
245471newsML.txt,MichaelConnor,1935
323784newsML.txt,MichaelConnor,2241
234177newsML.txt,MichaelConnor,2252
186990newsML.txt,MichaelConnor,3932
269791newsML.txt,MichaelConnor,1476
245686newsML.txt,JoeOrtiz,2128
294823newsML.txt,JoeOrtiz,2771
344993newsML.txt,JoeOrtiz,2106
242939newsML.txt,JoeOrtiz,2406
167802newsML.txt,JoeOrtiz,3000
299957newsML.txt,JoeOrtiz,2669
148240newsML.txt,JoeOrtiz,2731
300358newsML.txt,JoeOrtiz,2595
297151newsML.txt,JoeOrtiz,3310
29051newsML.txt,JoeOrtiz,2597
100554newsML.txt,JoeOrtiz,4046
137871newsML.txt,JoeOrtiz,3375
342301newsML.txt,JoeOrtiz,2927
202086newsML.txt,JoeOrtiz,3190
130040newsML.txt,JoeOrtiz,2681
263503newsML.txt,JoeOrtiz,3229
247024newsML.txt,JoeOrtiz,2504
167342newsML.txt,JoeOrtiz,3270
290471newsML.txt,JoeOrtiz,2655
364126newsML.txt,JoeOrtiz,2636
34037newsML.txt,JoeOrtiz,1988
216670newsML.txt,JoeOrtiz,2193
222292newsML.txt,JoeOrtiz,4063
223148newsML.txt,JoeOrtiz,3232
180577newsML.txt,JoeOrtiz,3115
344889newsML.txt,JoeOrtiz,2729
185661newsML.txt,JoeOrtiz,2350
324101newsML.txt,JoeOrtiz,2468
300369newsML.txt,JoeOrtiz,2887
263500newsML.txt,JoeOrtiz,3508
343304newsML.txt,JoeOrtiz,2329
100593newsML.txt,JoeOrtiz,2823
364594newsML.txt,JoeOrtiz,3863
189829newsML.txt,JoeOrtiz,2911
223783newsML.txt,JoeOrtiz,2972
186895newsML.txt,JoeOrtiz,3459
299862newsML.txt,JoeOrtiz,3330
343271newsML.txt,JoeOrtiz,2625
172150newsML.txt,JoeOrtiz,1626
294330newsML.txt,JoeOrtiz,2951
197549newsML.txt,JoeOrtiz,2524
232082newsML.txt,JoeOrtiz,2652
160682newsML.txt,JoeOrtiz,2309
341761newsML.txt,JoeOrtiz,3113
210554newsML.txt,JoeOrtiz,2882
207570newsML.txt,JoeOrtiz,2818
289108newsML.txt,JoeOrtiz,3570
320925newsML.txt,JoeOrtiz,3874
100618newsML.txt,JoeOrtiz,2791
309597newsML.txt,JoeOrtiz,2817
186282newsML.txt,EricAuchard,3515
101678newsML.txt,EricAuchard,544
216338newsML.txt,EricAuchard,1156
18223newsML.txt,EricAuchard,3751
151452newsML.txt,EricAuchard,4394
210069newsML.txt,EricAuchard,3439
263257newsML.txt,EricAuchard,2257
111437newsML.txt,EricAuchard,3389
13068newsML.txt,EricAuchard,3842
121521newsML.txt,EricAuchard,2719
149671newsML.txt,EricAuchard,4790
120484newsML.txt,EricAuchard,3714
260570newsML.txt,EricAuchard,2150
115060newsML.txt,EricAuchard,4768
233319newsML.txt,EricAuchard,2656
227670newsML.txt,EricAuchard,1778
264271newsML.txt,EricAuchard,2517
100385newsML.txt,EricAuchard,3191
119233newsML.txt,EricAuchard,1123
133874newsML.txt,EricAuchard,4156
13069newsML.txt,EricAuchard,3098
147596newsML.txt,EricAuchard,3310
18802newsML.txt,EricAuchard,4101
157855newsML.txt,EricAuchard,3522
14573newsML.txt,EricAuchard,5016
157435newsML.txt,EricAuchard,3752
230274newsML.txt,EricAuchard,4585
12877newsML.txt,EricAuchard,3961
191274newsML.txt,EricAuchard,3118
183828newsML.txt,EricAuchard,5182
292697newsML.txt,EricAuchard,5029
210631newsML.txt,EricAuchard,4023
205742newsML.txt,EricAuchard,4497
117213newsML.txt,EricAuchard,2717
231241newsML.txt,EricAuchard,2661
139624newsML.txt,EricAuchard,4096
183344newsML.txt,EricAuchard,481
209979newsML.txt,EricAuchard,3132
13415newsML.txt,EricAuchard,4607
116212newsML.txt,EricAuchard,4696
203838newsML.txt,EricAuchard,4501
152722newsML.txt,EricAuchard,2722
13583newsML.txt,EricAuchard,3682
172851newsML.txt,EricAuchard,3137
162159newsML.txt,EricAuchard,4986
261502newsML.txt,EricAuchard,2963
175415newsML.txt,EricAuchard,3165
183534newsML.txt,EricAuchard,2261
288069newsML.txt,EricAuchard,2954
217358newsML.txt,EricAuchard,2999
14014newsML.txt,AaronPressman,350
330967newsML.txt,AaronPressman,3579
354135newsML.txt,AaronPressman,3702
275174newsML.txt,AaronPressman,2942
270084newsML.txt,AaronPressman,2648
197734newsML.txt,AaronPressman,2016
186392newsML.txt,AaronPressman,3269
366020newsML.txt,AaronPressman,3243
136958newsML.txt,AaronPressman,2923
325347newsML.txt,AaronPressman,3670
137498newsML.txt,AaronPressman,2312
270046newsML.txt,AaronPressman,2938
357147newsML.txt,AaronPressman,3544
206838newsML.txt,AaronPressman,2341
182596newsML.txt,AaronPressman,4333
372995newsML.txt,AaronPressman,2935
347226newsML.txt,AaronPressman,2512
2537newsML.txt,AaronPressman,2738
266038newsML.txt,AaronPressman,2553
270346newsML.txt,AaronPressman,2475
394237newsML.txt,AaronPressman,4767
270134newsML.txt,AaronPressman,3138
398094newsML.txt,AaronPressman,3121
120600newsML.txt,AaronPressman,2619
324896newsML.txt,AaronPressman,3686
156814newsML.txt,AaronPressman,3588
407599newsML.txt,AaronPressman,3322
193495newsML.txt,AaronPressman,2019
372744newsML.txt,AaronPressman,2498
120683newsML.txt,AaronPressman,493
312178newsML.txt,AaronPressman,2878
401260newsML.txt,AaronPressman,4340
299375newsML.txt,AaronPressman,1627
237175newsML.txt,AaronPressman,2952
369570newsML.txt,AaronPressman,3871
269995newsML.txt,AaronPressman,3192
354285newsML.txt,AaronPressman,3596
277513newsML.txt,AaronPressman,3372
372989newsML.txt,AaronPressman,3191
196805newsML.txt,AaronPressman,2938
371380newsML.txt,AaronPressman,2925
233150newsML.txt,AaronPressman,3635
331411newsML.txt,AaronPressman,2643
378457newsML.txt,AaronPressman,2398
277117newsML.txt,AaronPressman,1981
269999newsML.txt,AaronPressman,2506
106247newsML.txt,AaronPressman,2020
290125newsML.txt,AaronPressman,2734
249407newsML.txt,AaronPressman,2709
231479newsML.txt,AaronPressman,3571
376414newsML.txt,SimonCowell,2743
448236newsML.txt,SimonCowell,3305
347894newsML.txt,SimonCowell,3759
409884newsML.txt,SimonCowell,3351
405237newsML.txt,SimonCowell,2640
423379newsML.txt,SimonCowell,3662
27675newsML.txt,SimonCowell,3194
400494newsML.txt,SimonCowell,3607
405124newsML.txt,SimonCowell,3403
390574newsML.txt,SimonCowell,1552
258206newsML.txt,SimonCowell,3221
248599newsML.txt,SimonCowell,2518
353509newsML.txt,SimonCowell,3281
405057newsML.txt,SimonCowell,3562
15627newsML.txt,SimonCowell,3180
418734newsML.txt,SimonCowell,2803
442065newsML.txt,SimonCowell,3368
302376newsML.txt,SimonCowell,2603
253060newsML.txt,SimonCowell,1729
413323newsML.txt,SimonCowell,2880
312983newsML.txt,SimonCowell,2624
384133newsML.txt,SimonCowell,3379
245741newsML.txt,SimonCowell,2819
424503newsML.txt,SimonCowell,3640
311253newsML.txt,SimonCowell,3178
377851newsML.txt,SimonCowell,2625
259617newsML.txt,SimonCowell,3303
403689newsML.txt,SimonCowell,2801
450839newsML.txt,SimonCowell,2964
361250newsML.txt,SimonCowell,3533
420566newsML.txt,SimonCowell,3693
255730newsML.txt,SimonCowell,3695
440535newsML.txt,SimonCowell,3472
242983newsML.txt,SimonCowell,3717
402074newsML.txt,SimonCowell,3337
356525newsML.txt,SimonCowell,2091
303707newsML.txt,SimonCowell,3018
390568newsML.txt,SimonCowell,3316
406879newsML.txt,SimonCowell,3060
447824newsML.txt,SimonCowell,3431
350608newsML.txt,SimonCowell,3371
347888newsML.txt,SimonCowell,3097
385473newsML.txt,SimonCowell,3210
376405newsML.txt,SimonCowell,3349
455543newsML.txt,SimonCowell,3714
425943newsML.txt,SimonCowell,2414
312858newsML.txt,SimonCowell,2840
417061newsML.txt,SimonCowell,3389
324051newsML.txt,SimonCowell,2502
385542newsML.txt,SimonCowell,2745
198178newsML.txt,LynneO'Donnell,4569
238772newsML.txt,LynneO'Donnell,3149
27316newsML.txt,LynneO'Donnell,3579
23184newsML.txt,LynneO'Donnell,3939
133490newsML.txt,LynneO'Donnell,2557
204874newsML.txt,LynneO'Donnell,3485
15736newsML.txt,LynneO'Donnell,2479
116963newsML.txt,LynneO'Donnell,3243
2439newsML.txt,LynneO'Donnell,3391
2462newsML.txt,LynneO'Donnell,4236
106719newsML.txt,LynneO'Donnell,3515
29593newsML.txt,LynneO'Donnell,3758
114299newsML.txt,LynneO'Donnell,3246
12381newsML.txt,LynneO'Donnell,3880
125560newsML.txt,LynneO'Donnell,3129
151846newsML.txt,LynneO'Donnell,3137
180191newsML.txt,LynneO'Donnell,3314
275670newsML.txt,LynneO'Donnell,5957
229894newsML.txt,LynneO'Donnell,3920
148890newsML.txt,LynneO'Donnell,2975
111855newsML.txt,LynneO'Donnell,2799
187362newsML.txt,LynneO'Donnell,2821
146245newsML.txt,LynneO'Donnell,3077
135223newsML.txt,LynneO'Donnell,2635
112106newsML.txt,LynneO'Donnell,3709
258739newsML.txt,LynneO'Donnell,3627
166518newsML.txt,LynneO'Donnell,3653
20855newsML.txt,LynneO'Donnell,3924
107032newsML.txt,LynneO'Donnell,3503
10327newsML.txt,LynneO'Donnell,3528
171633newsML.txt,LynneO'Donnell,3407
158416newsML.txt,LynneO'Donnell,3972
248156newsML.txt,LynneO'Donnell,2822
120232newsML.txt,LynneO'Donnell,2978
17858newsML.txt,LynneO'Donnell,3411
102480newsML.txt,LynneO'Donnell,3352
121931newsML.txt,LynneO'Donnell,3475
110718newsML.txt,LynneO'Donnell,3616
265681newsML.txt,LynneO'Donnell,5725
121886newsML.txt,LynneO'Donnell,3173
146472newsML.txt,LynneO'Donnell,3073
247724newsML.txt,LynneO'Donnell,3283
244800newsML.txt,LynneO'Donnell,4199
169600newsML.txt,LynneO'Donnell,3029
171253newsML.txt,LynneO'Donnell,3411
250844newsML.txt,LynneO'Donnell,3257
158405newsML.txt,LynneO'Donnell,2651
159976newsML.txt,LynneO'Donnell,3492
125205newsML.txt,LynneO'Donnell,3168
115594newsML.txt,LynneO'Donnell,3203
202020newsML.txt,EdnaFernandes,3600
119734newsML.txt,EdnaFernandes,3435
127410newsML.txt,EdnaFernandes,1779
219541newsML.txt,EdnaFernandes,2468
122988newsML.txt,EdnaFernandes,2073
183674newsML.txt,EdnaFernandes,542
138342newsML.txt,EdnaFernandes,1074
225499newsML.txt,EdnaFernandes,2707
220686newsML.txt,EdnaFernandes,2501
126175newsML.txt,EdnaFernandes,4127
121318newsML.txt,EdnaFernandes,3075
10193newsML.txt,EdnaFernandes,2398
191925newsML.txt,EdnaFernandes,1374
183684newsML.txt,EdnaFernandes,4115
223786newsML.txt,EdnaFernandes,513
15633newsML.txt,EdnaFernandes,3310
141414newsML.txt,EdnaFernandes,2771
225917newsML.txt,EdnaFernandes,2970
134642newsML.txt,EdnaFernandes,2493
203933newsML.txt,EdnaFernandes,2618
15644newsML.txt,EdnaFernandes,4390
223143newsML.txt,EdnaFernandes,2552
126166newsML.txt,EdnaFernandes,2301
207536newsML.txt,EdnaFernandes,2360
230517newsML.txt,EdnaFernandes,3237
225609newsML.txt,EdnaFernandes,1332
10264newsML.txt,EdnaFernandes,3889
18224newsML.txt,EdnaFernandes,4531
223214newsML.txt,EdnaFernandes,3084
191766newsML.txt,EdnaFernandes,3579
121324newsML.txt,EdnaFernandes,2249
178869newsML.txt,EdnaFernandes,3358
199220newsML.txt,EdnaFernandes,4108
17663newsML.txt,EdnaFernandes,2001
222272newsML.txt,EdnaFernandes,2894
206049newsML.txt,EdnaFernandes,2064
202011newsML.txt,EdnaFernandes,3332
195876newsML.txt,EdnaFernandes,4076
134683newsML.txt,EdnaFernandes,561
199226newsML.txt,EdnaFernandes,3764
117960newsML.txt,EdnaFernandes,1591
126181newsML.txt,EdnaFernandes,1759
225507newsML.txt,EdnaFernandes,2570
116448newsML.txt,EdnaFernandes,2709
214915newsML.txt,EdnaFernandes,2677
216658newsML.txt,EdnaFernandes,3125
230515newsML.txt,EdnaFernandes,1966
17343newsML.txt,EdnaFernandes,1665
179688newsML.txt,EdnaFernandes,3352
214995newsML.txt,EdnaFernandes,1961
184150newsML.txt,KevinMorrison,3546
116890newsML.txt,KevinMorrison,3453
256319newsML.txt,KevinMorrison,2906
114198newsML.txt,KevinMorrison,3370
198071newsML.txt,KevinMorrison,3640
133461newsML.txt,KevinMorrison,3066
241149newsML.txt,KevinMorrison,3427
304259newsML.txt,KevinMorrison,3430
218602newsML.txt,KevinMorrison,2284
21536newsML.txt,KevinMorrison,3181
184096newsML.txt,KevinMorrison,3314
247636newsML.txt,KevinMorrison,2944
235532newsML.txt,KevinMorrison,3335
256350newsML.txt,KevinMorrison,3474
278563newsML.txt,KevinMorrison,4563
110703newsML.txt,KevinMorrison,3324
218625newsML.txt,KevinMorrison,2969
221518newsML.txt,KevinMorrison,1141
256349newsML.txt,KevinMorrison,2858
247652newsML.txt,KevinMorrison,2877
244698newsML.txt,KevinMorrison,3343
256320newsML.txt,KevinMorrison,3441
171096newsML.txt,KevinMorrison,3647
109875newsML.txt,KevinMorrison,2602
184143newsML.txt,KevinMorrison,3700
105191newsML.txt,KevinMorrison,3697
292246newsML.txt,KevinMorrison,2914
15226newsML.txt,KevinMorrison,2826
244696newsML.txt,KevinMorrison,2115
255906newsML.txt,KevinMorrison,2449
125545newsML.txt,KevinMorrison,3172
115436newsML.txt,KevinMorrison,3611
125098newsML.txt,KevinMorrison,3046
109876newsML.txt,KevinMorrison,3526
176105newsML.txt,KevinMorrison,3094
292666newsML.txt,KevinMorrison,2915
229778newsML.txt,KevinMorrison,3469
247668newsML.txt,KevinMorrison,3653
138954newsML.txt,KevinMorrison,5961
18329newsML.txt,KevinMorrison,3321
244734newsML.txt,KevinMorrison,3315
223858newsML.txt,KevinMorrison,3391
247671newsML.txt,KevinMorrison,3396
221509newsML.txt,KevinMorrison,1135
221499newsML.txt,KevinMorrison,3346
247635newsML.txt,KevinMorrison,3630
2730newsML.txt,KevinMorrison,2920
297804newsML.txt,KevinMorrison,2872
278908newsML.txt,KevinMorrison,3940
223897newsML.txt,KevinMorrison,3695
213090newsML.txt,SamuelPerry,2716
212471newsML.txt,SamuelPerry,2824
273216newsML.txt,SamuelPerry,4727
297101newsML.txt,SamuelPerry,3240
31339newsML.txt,SamuelPerry,2292
247516newsML.txt,SamuelPerry,4201
242117newsML.txt,SamuelPerry,4148
120398newsML.txt,SamuelPerry,3888
142698newsML.txt,SamuelPerry,4179
247268newsML.txt,SamuelPerry,4378
180753newsML.txt,SamuelPerry,2731
313966newsML.txt,SamuelPerry,2264
137812newsML.txt,SamuelPerry,3194
196870newsML.txt,SamuelPerry,2884
151392newsML.txt,SamuelPerry,3325
195461newsML.txt,SamuelPerry,4961
10781newsML.txt,SamuelPerry,3546
175043newsML.txt,SamuelPerry,3801
105557newsML.txt,SamuelPerry,4252
138944newsML.txt,SamuelPerry,2755
181711newsML.txt,SamuelPerry,3753
268174newsML.txt,SamuelPerry,3599
218057newsML.txt,SamuelPerry,2906
310667newsML.txt,SamuelPerry,2246
189155newsML.txt,SamuelPerry,3712
207747newsML.txt,SamuelPerry,4240
25052newsML.txt,SamuelPerry,4863
168565newsML.txt,SamuelPerry,3799
293806newsML.txt,SamuelPerry,2805
207693newsML.txt,SamuelPerry,3573
196664newsML.txt,SamuelPerry,3117
150672newsML.txt,SamuelPerry,4306
178271newsML.txt,SamuelPerry,999
177032newsML.txt,SamuelPerry,2512
160066newsML.txt,SamuelPerry,3117
144030newsML.txt,SamuelPerry,4180
242528newsML.txt,SamuelPerry,4147
206811newsML.txt,SamuelPerry,4208
309801newsML.txt,SamuelPerry,3474
197518newsML.txt,SamuelPerry,3134
312805newsML.txt,SamuelPerry,2261
26550newsML.txt,SamuelPerry,3305
193298newsML.txt,SamuelPerry,3959
134566newsML.txt,SamuelPerry,3040
137035newsML.txt,SamuelPerry,4001
157604newsML.txt,SamuelPerry,3603
178647newsML.txt,SamuelPerry,2830
199947newsML.txt,SamuelPerry,4032
158945newsML.txt,SamuelPerry,3604
195465newsML.txt,SamuelPerry,4517
153684newsML.txt,PatriciaCommins,2989
123628newsML.txt,PatriciaCommins,3672
203296newsML.txt,PatriciaCommins,2066
217368newsML.txt,PatriciaCommins,2991
283991newsML.txt,PatriciaCommins,3448
258801newsML.txt,PatriciaCommins,3614
117099newsML.txt,PatriciaCommins,2441
142736newsML.txt,PatriciaCommins,2758
102551newsML.txt,PatriciaCommins,3828
132671newsML.txt,PatriciaCommins,2257
267178newsML.txt,PatriciaCommins,2893
15778newsML.txt,PatriciaCommins,3077
18217newsML.txt,PatriciaCommins,3801
255134newsML.txt,PatriciaCommins,3383
156759newsML.txt,PatriciaCommins,3409
120569newsML.txt,PatriciaCommins,2912
291177newsML.txt,PatriciaCommins,2799
178068newsML.txt,PatriciaCommins,3473
108222newsML.txt,PatriciaCommins,3580
255733newsML.txt,PatriciaCommins,3421
209945newsML.txt,PatriciaCommins,2655
231178newsML.txt,PatriciaCommins,3758
205566newsML.txt,PatriciaCommins,2649
213454newsML.txt,PatriciaCommins,2940
2296newsML.txt,PatriciaCommins,3449
237159newsML.txt,PatriciaCommins,2492
114356newsML.txt,PatriciaCommins,4384
209925newsML.txt,PatriciaCommins,2564
123595newsML.txt,PatriciaCommins,4053
142683newsML.txt,PatriciaCommins,2214
270137newsML.txt,PatriciaCommins,2976
108443newsML.txt,PatriciaCommins,2883
123987newsML.txt,PatriciaCommins,3608
251195newsML.txt,PatriciaCommins,3546
288774newsML.txt,PatriciaCommins,2889
102793newsML.txt,PatriciaCommins,2576
264335newsML.txt,PatriciaCommins,2894
143591newsML.txt,PatriciaCommins,3384
178089newsML.txt,PatriciaCommins,2715
140446newsML.txt,PatriciaCommins,3813
120588newsML.txt,PatriciaCommins,3471
251347newsML.txt,PatriciaCommins,2353
102719newsML.txt,PatriciaCommins,2788
126714newsML.txt,PatriciaCommins,3410
143765newsML.txt,PatriciaCommins,2657
114859newsML.txt,PatriciaCommins,4383
114428newsML.txt,PatriciaCommins,3090
125965newsML.txt,PatriciaCommins,2773
18739newsML.txt,PatriciaCommins,2594
259000newsML.txt,PatriciaCommins,2461
195805newsML.txt,JohnMastrini,2104
179858newsML.txt,JohnMastrini,3621
230504newsML.txt,JohnMastrini,3784
266394newsML.txt,JohnMastrini,3495
156033newsML.txt,JohnMastrini,2473
156301newsML.txt,JohnMastrini,2640
207961newsML.txt,JohnMastrini,2431
195069newsML.txt,JohnMastrini,3155
260915newsML.txt,JohnMastrini,2345
263486newsML.txt,JohnMastrini,3807
258383newsML.txt,JohnMastrini,3722
26311newsML.txt,JohnMastrini,2231
202307newsML.txt,JohnMastrini,2907
266601newsML.txt,JohnMastrini,3645
216927newsML.txt,JohnMastrini,2633
18320newsML.txt,JohnMastrini,5848
212832newsML.txt,JohnMastrini,3714
105045newsML.txt,JohnMastrini,5978
266669newsML.txt,JohnMastrini,3470
18519newsML.txt,JohnMastrini,5848
18297newsML.txt,JohnMastrini,2369
192116newsML.txt,JohnMastrini,3260
177540newsML.txt,JohnMastrini,2584
13806newsML.txt,JohnMastrini,2981
123158newsML.txt,JohnMastrini,2248
195181newsML.txt,JohnMastrini,2062
27007newsML.txt,JohnMastrini,2738
272887newsML.txt,JohnMastrini,2180
18529newsML.txt,JohnMastrini,2463
133171newsML.txt,JohnMastrini,3478
260917newsML.txt,JohnMastrini,2110
269377newsML.txt,JohnMastrini,3394
242893newsML.txt,JohnMastrini,3093
205953newsML.txt,JohnMastrini,2426
236594newsML.txt,JohnMastrini,3540
21246newsML.txt,JohnMastrini,3368
161715newsML.txt,JohnMastrini,1813
153158newsML.txt,JohnMastrini,4093
239149newsML.txt,JohnMastrini,4711
263693newsML.txt,JohnMastrini,3291
156054newsML.txt,JohnMastrini,3210
22903newsML.txt,JohnMastrini,2501
281893newsML.txt,JohnMastrini,3105
194494newsML.txt,JohnMastrini,2281
159754newsML.txt,JohnMastrini,3445
194608newsML.txt,JohnMastrini,2709
258334newsML.txt,JohnMastrini,3833
192052newsML.txt,JohnMastrini,2278
212289newsML.txt,JohnMastrini,2617
242192newsML.txt,JohnMastrini,2026
288397newsML.txt,JanLopatka,2264
293006newsML.txt,JanLopatka,2392
15669newsML.txt,JanLopatka,2670
172514newsML.txt,JanLopatka,1716
196127newsML.txt,JanLopatka,3242
126345newsML.txt,JanLopatka,3713
156044newsML.txt,JanLopatka,2518
102211newsML.txt,JanLopatka,2843
169004newsML.txt,JanLopatka,1759
123170newsML.txt,JanLopatka,3020
192103newsML.txt,JanLopatka,2986
194663newsML.txt,JanLopatka,3081
260918newsML.txt,JanLopatka,2946
295717newsML.txt,JanLopatka,2668
226489newsML.txt,JanLopatka,3305
104879newsML.txt,JanLopatka,2752
263451newsML.txt,JanLopatka,2919
177552newsML.txt,JanLopatka,2785
194664newsML.txt,JanLopatka,3244
220837newsML.txt,JanLopatka,1948
293216newsML.txt,JanLopatka,2394
290685newsML.txt,JanLopatka,3082
101886newsML.txt,JanLopatka,2987
260914newsML.txt,JanLopatka,3150
159744newsML.txt,JanLopatka,3183
159487newsML.txt,JanLopatka,3109
293018newsML.txt,JanLopatka,2362
222478newsML.txt,JanLopatka,2403
185875newsML.txt,JanLopatka,2066
182102newsML.txt,JanLopatka,3134
263741newsML.txt,JanLopatka,2939
26976newsML.txt,JanLopatka,2537
228103newsML.txt,JanLopatka,2130
175835newsML.txt,JanLopatka,2736
224921newsML.txt,JanLopatka,3343
27569newsML.txt,JanLopatka,2529
194352newsML.txt,JanLopatka,2949
254538newsML.txt,JanLopatka,2119
182167newsML.txt,JanLopatka,3071
192053newsML.txt,JanLopatka,3312
230755newsML.txt,JanLopatka,2226
175940newsML.txt,JanLopatka,3485
228154newsML.txt,JanLopatka,2572
202372newsML.txt,JanLopatka,2812
163409newsML.txt,JanLopatka,3049
185855newsML.txt,JanLopatka,2292
163094newsML.txt,JanLopatka,3278
10626newsML.txt,JanLopatka,2974
10224newsML.txt,JanLopatka,2752
222246newsML.txt,JanLopatka,2425
10771newsML.txt,KevinDrawbaugh,3179
269637newsML.txt,KevinDrawbaugh,2589
108321newsML.txt,KevinDrawbaugh,2787
137616newsML.txt,KevinDrawbaugh,3742
283396newsML.txt,KevinDrawbaugh,3160
143586newsML.txt,KevinDrawbaugh,3178
291432newsML.txt,KevinDrawbaugh,2872
11690newsML.txt,KevinDrawbaugh,3297
113464newsML.txt,KevinDrawbaugh,2217
137481newsML.txt,KevinDrawbaugh,2992
305957newsML.txt,KevinDrawbaugh,2319
154378newsML.txt,KevinDrawbaugh,2693
249404newsML.txt,KevinDrawbaugh,2529
178086newsML.txt,KevinDrawbaugh,3531
105399newsML.txt,KevinDrawbaugh,2258
259009newsML.txt,KevinDrawbaugh,3190
100163newsML.txt,KevinDrawbaugh,5113
299416newsML.txt,KevinDrawbaugh,2235
290996newsML.txt,KevinDrawbaugh,2854
154388newsML.txt,KevinDrawbaugh,2674
173045newsML.txt,KevinDrawbaugh,3258
317846newsML.txt,KevinDrawbaugh,3301
290199newsML.txt,KevinDrawbaugh,3694
126026newsML.txt,KevinDrawbaugh,2188
293808newsML.txt,KevinDrawbaugh,4092
110981newsML.txt,KevinDrawbaugh,2820
102702newsML.txt,KevinDrawbaugh,1775
110894newsML.txt,KevinDrawbaugh,2307
249305newsML.txt,KevinDrawbaugh,3435
191657newsML.txt,KevinDrawbaugh,1767
130811newsML.txt,KevinDrawbaugh,1819
243558newsML.txt,KevinDrawbaugh,3900
323618newsML.txt,KevinDrawbaugh,2595
11692newsML.txt,KevinDrawbaugh,2124
100485newsML.txt,KevinDrawbaugh,2267
13838newsML.txt,KevinDrawbaugh,2334
120486newsML.txt,KevinDrawbaugh,2801
16057newsML.txt,KevinDrawbaugh,2909
233324newsML.txt,KevinDrawbaugh,2515
137042newsML.txt,KevinDrawbaugh,3827
143738newsML.txt,KevinDrawbaugh,2548
2906newsML.txt,KevinDrawbaugh,1909
311940newsML.txt,KevinDrawbaugh,3605
283914newsML.txt,KevinDrawbaugh,4073
293659newsML.txt,KevinDrawbaugh,4883
270070newsML.txt,KevinDrawbaugh,3511
248401newsML.txt,KevinDrawbaugh,2514
291190newsML.txt,KevinDrawbaugh,2544
284178newsML.txt,KevinDrawbaugh,2786
133777newsML.txt,KevinDrawbaugh,2250
261076newsML.txt,KarlPenhaul,2813
236734newsML.txt,KarlPenhaul,2312
263931newsML.txt,KarlPenhaul,2249
263877newsML.txt,KarlPenhaul,2261
266934newsML.txt,KarlPenhaul,2133
242202newsML.txt,KarlPenhaul,2276
311686newsML.txt,KarlPenhaul,3730
254655newsML.txt,KarlPenhaul,2172
286977newsML.txt,KarlPenhaul,2403
217081newsML.txt,KarlPenhaul,2247
293437newsML.txt,KarlPenhaul,2431
136654newsML.txt,KarlPenhaul,2953
140181newsML.txt,KarlPenhaul,2953
293363newsML.txt,KarlPenhaul,2008
293377newsML.txt,KarlPenhaul,2383
227159newsML.txt,KarlPenhaul,2745
251933newsML.txt,KarlPenhaul,1825
295872newsML.txt,KarlPenhaul,3274
129041newsML.txt,KarlPenhaul,2214
266933newsML.txt,KarlPenhaul,3404
254777newsML.txt,KarlPenhaul,2936
269494newsML.txt,KarlPenhaul,2415
217140newsML.txt,KarlPenhaul,2866
179986newsML.txt,KarlPenhaul,2522
202500newsML.txt,KarlPenhaul,2542
305571newsML.txt,KarlPenhaul,3018
236854newsML.txt,KarlPenhaul,1951
343706newsML.txt,KarlPenhaul,3786
228172newsML.txt,KarlPenhaul,3057
133336newsML.txt,KarlPenhaul,2557
314809newsML.txt,KarlPenhaul,1640
281959newsML.txt,KarlPenhaul,3516
305637newsML.txt,KarlPenhaul,2737
349781newsML.txt,KarlPenhaul,2551
123422newsML.txt,KarlPenhaul,3846
186082newsML.txt,KarlPenhaul,2705
334589newsML.txt,KarlPenhaul,2195
314740newsML.txt,KarlPenhaul,3329
126553newsML.txt,KarlPenhaul,2775
130351newsML.txt,KarlPenhaul,2635
261073newsML.txt,KarlPenhaul,2280
243366newsML.txt,KarlPenhaul,488
195207newsML.txt,KarlPenhaul,2593
110696newsML.txt,KarlPenhaul,3133
156487newsML.txt,KarlPenhaul,2894
156602newsML.txt,KarlPenhaul,3784
258467newsML.txt,KarlPenhaul,2536
333463newsML.txt,KarlPenhaul,2430
143439newsML.txt,KarlPenhaul,3166
228182newsML.txt,KarlPenhaul,2746
101547newsML.txt,MartinWolk,2381
315688newsML.txt,MartinWolk,3833
100375newsML.txt,MartinWolk,3698
127318newsML.txt,MartinWolk,2879
20801newsML.txt,MartinWolk,2369
13568newsML.txt,MartinWolk,3819
16678newsML.txt,MartinWolk,4112
11750newsML.txt,MartinWolk,3603
312192newsML.txt,MartinWolk,2500
182849newsML.txt,MartinWolk,3695
257342newsML.txt,MartinWolk,5556
174033newsML.txt,MartinWolk,2304
140462newsML.txt,MartinWolk,2715
257926newsML.txt,MartinWolk,4836
203663newsML.txt,MartinWolk,3589
275458newsML.txt,MartinWolk,2708
108184newsML.txt,MartinWolk,4403
130622newsML.txt,MartinWolk,2484
108730newsML.txt,MartinWolk,3850
290078newsML.txt,MartinWolk,3875
258793newsML.txt,MartinWolk,4843
316912newsML.txt,MartinWolk,3454
259308newsML.txt,MartinWolk,3011
276214newsML.txt,MartinWolk,3403
295347newsML.txt,MartinWolk,3865
302120newsML.txt,MartinWolk,3449
259796newsML.txt,MartinWolk,2737
274876newsML.txt,MartinWolk,2700
285485newsML.txt,MartinWolk,2950
309552newsML.txt,MartinWolk,2233
318853newsML.txt,MartinWolk,3329
162155newsML.txt,MartinWolk,3017
132308newsML.txt,MartinWolk,2404
232346newsML.txt,MartinWolk,2355
257622newsML.txt,MartinWolk,4200
311937newsML.txt,MartinWolk,2403
130730newsML.txt,MartinWolk,1658
143574newsML.txt,MartinWolk,3422
319110newsML.txt,MartinWolk,3259
22286newsML.txt,MartinWolk,2358
317025newsML.txt,MartinWolk,2159
158943newsML.txt,MartinWolk,2974
202582newsML.txt,MartinWolk,3582
2538newsML.txt,MartinWolk,3214
183836newsML.txt,MartinWolk,2296
157448newsML.txt,MartinWolk,2977
132566newsML.txt,MartinWolk,2001
127151newsML.txt,MartinWolk,2846
15583newsML.txt,MartinWolk,4114
130607newsML.txt,MartinWolk,3466
253868newsML.txt,ScottHillis,3098
208266newsML.txt,ScottHillis,3239
140340newsML.txt,ScottHillis,2841
310466newsML.txt,ScottHillis,3227
318742newsML.txt,ScottHillis,3434
199747newsML.txt,ScottHillis,2144
159412newsML.txt,ScottHillis,1741
299129newsML.txt,ScottHillis,3049
295992newsML.txt,ScottHillis,3380
136771newsML.txt,ScottHillis,2946
305692newsML.txt,ScottHillis,3375
143454newsML.txt,ScottHillis,3063
321513newsML.txt,ScottHillis,3175
301673newsML.txt,ScottHillis,3414
295436newsML.txt,ScottHillis,2549
232758newsML.txt,ScottHillis,3053
244999newsML.txt,ScottHillis,4298
318653newsML.txt,ScottHillis,3009
184219newsML.txt,ScottHillis,2637
126593newsML.txt,ScottHillis,2036
195357newsML.txt,ScottHillis,3707
125213newsML.txt,ScottHillis,3041
198216newsML.txt,ScottHillis,2820
282007newsML.txt,ScottHillis,3094
314875newsML.txt,ScottHillis,2945
130513newsML.txt,ScottHillis,2823
123483newsML.txt,ScottHillis,3079
289837newsML.txt,ScottHillis,2826
140273newsML.txt,ScottHillis,2984
345375newsML.txt,ScottHillis,3279
123507newsML.txt,ScottHillis,3171
340736newsML.txt,ScottHillis,3158
256974newsML.txt,ScottHillis,2907
136805newsML.txt,ScottHillis,2685
287502newsML.txt,ScottHillis,2650
209835newsML.txt,ScottHillis,2747
161138newsML.txt,ScottHillis,2623
142465newsML.txt,ScottHillis,2842
158507newsML.txt,ScottHillis,2568
250880newsML.txt,ScottHillis,5174
334739newsML.txt,ScottHillis,3007
195353newsML.txt,ScottHillis,4071
116929newsML.txt,ScottHillis,3388
292263newsML.txt,ScottHillis,2599
145712newsML.txt,ScottHillis,2406
194787newsML.txt,ScottHillis,2976
340709newsML.txt,ScottHillis,3287
133498newsML.txt,ScottHillis,2595
254803newsML.txt,ScottHillis,2852
165123newsML.txt,ScottHillis,3061
154151newsML.txt,DavidLawder,4465
156823newsML.txt,DavidLawder,3456
159135newsML.txt,DavidLawder,2108
173935newsML.txt,DavidLawder,4624
153794newsML.txt,DavidLawder,3796
113212newsML.txt,DavidLawder,3494
146470newsML.txt,DavidLawder,3545
148087newsML.txt,DavidLawder,2627
150717newsML.txt,DavidLawder,3073
110108newsML.txt,DavidLawder,2428
170305newsML.txt,DavidLawder,3477
114353newsML.txt,DavidLawder,4357
154150newsML.txt,DavidLawder,4398
161920newsML.txt,DavidLawder,4026
110883newsML.txt,DavidLawder,2278
162531newsML.txt,DavidLawder,3822
160026newsML.txt,DavidLawder,3876
160411newsML.txt,DavidLawder,3853
144314newsML.txt,DavidLawder,3234
105327newsML.txt,DavidLawder,3934
161907newsML.txt,DavidLawder,4459
164658newsML.txt,DavidLawder,4341
157447newsML.txt,DavidLawder,4305
157860newsML.txt,DavidLawder,3967
108359newsML.txt,DavidLawder,2059
144031newsML.txt,DavidLawder,3731
136026newsML.txt,DavidLawder,2689
148055newsML.txt,DavidLawder,3112
113338newsML.txt,DavidLawder,3493
161720newsML.txt,DavidLawder,3157
140545newsML.txt,DavidLawder,3234
126028newsML.txt,DavidLawder,2382
146321newsML.txt,DavidLawder,3154
156769newsML.txt,DavidLawder,4094
142715newsML.txt,DavidLawder,3730
102529newsML.txt,DavidLawder,3791
13547newsML.txt,DavidLawder,2594
15588newsML.txt,DavidLawder,4741
117148newsML.txt,DavidLawder,3757
162152newsML.txt,DavidLawder,4199
148624newsML.txt,DavidLawder,3113
127143newsML.txt,DavidLawder,2381
163873newsML.txt,DavidLawder,4172
145801newsML.txt,DavidLawder,4274
105834newsML.txt,DavidLawder,3657
126792newsML.txt,DavidLawder,4214
105756newsML.txt,DavidLawder,3265
148215newsML.txt,DavidLawder,4064
162027newsML.txt,DavidLawder,3840
160765newsML.txt,DavidLawder,2639
395779newsML.txt,FumikoFujisaki,3756
114292newsML.txt,FumikoFujisaki,3451
214194newsML.txt,FumikoFujisaki,3477
232740newsML.txt,FumikoFujisaki,3284
168234newsML.txt,FumikoFujisaki,2912
257754newsML.txt,FumikoFujisaki,3662
25542newsML.txt,FumikoFujisaki,3358
192472newsML.txt,FumikoFujisaki,4154
142116newsML.txt,FumikoFujisaki,3035
162426newsML.txt,FumikoFujisaki,4565
126656newsML.txt,FumikoFujisaki,3513
383379newsML.txt,FumikoFujisaki,3951
142460newsML.txt,FumikoFujisaki,3399
28301newsML.txt,FumikoFujisaki,3171
189025newsML.txt,FumikoFujisaki,2714
140372newsML.txt,FumikoFujisaki,3396
326601newsML.txt,FumikoFujisaki,4605
271169newsML.txt,FumikoFujisaki,4067
103993newsML.txt,FumikoFujisaki,3777
10028newsML.txt,FumikoFujisaki,3194
184337newsML.txt,FumikoFujisaki,3059
209817newsML.txt,FumikoFujisaki,3392
123528newsML.txt,FumikoFujisaki,3685
155075newsML.txt,FumikoFujisaki,3171
208614newsML.txt,FumikoFujisaki,2245
215310newsML.txt,FumikoFujisaki,2464
221583newsML.txt,FumikoFujisaki,3580
168224newsML.txt,FumikoFujisaki,4536
348849newsML.txt,FumikoFujisaki,3485
257487newsML.txt,FumikoFujisaki,3746
330736newsML.txt,FumikoFujisaki,3541
133528newsML.txt,FumikoFujisaki,3675
348688newsML.txt,FumikoFujisaki,2678
13494newsML.txt,FumikoFujisaki,2269
357074newsML.txt,FumikoFujisaki,3163
247828newsML.txt,FumikoFujisaki,3622
313599newsML.txt,FumikoFujisaki,3364
392201newsML.txt,FumikoFujisaki,3285
167905newsML.txt,FumikoFujisaki,3376
23340newsML.txt,FumikoFujisaki,5027
167727newsML.txt,FumikoFujisaki,2642
257776newsML.txt,FumikoFujisaki,3579
265694newsML.txt,FumikoFujisaki,3328
132085newsML.txt,FumikoFujisaki,2564
34837newsML.txt,FumikoFujisaki,3480
134268newsML.txt,FumikoFujisaki,3043
320052newsML.txt,FumikoFujisaki,3161
178863newsML.txt,FumikoFujisaki,3744
358900newsML.txt,FumikoFujisaki,2503
402531newsML.txt,FumikoFujisaki,3305
141744newsML.txt,MarcelMichelson,3448
222937newsML.txt,MarcelMichelson,2604
148534newsML.txt,MarcelMichelson,2997
187829newsML.txt,MarcelMichelson,2062
134919newsML.txt,MarcelMichelson,3376
221246newsML.txt,MarcelMichelson,3254
22884newsML.txt,MarcelMichelson,4277
144618newsML.txt,MarcelMichelson,3277
141667newsML.txt,MarcelMichelson,3019
217650newsML.txt,MarcelMichelson,3105
147835newsML.txt,MarcelMichelson,3426
200818newsML.txt,MarcelMichelson,3310
140842newsML.txt,MarcelMichelson,2910
20886newsML.txt,MarcelMichelson,4150
184864newsML.txt,MarcelMichelson,2937
158085newsML.txt,MarcelMichelson,3541
140849newsML.txt,MarcelMichelson,2969
148549newsML.txt,MarcelMichelson,3533
115199newsML.txt,MarcelMichelson,3315
129426newsML.txt,MarcelMichelson,3491
143829newsML.txt,MarcelMichelson,3094
142386newsML.txt,MarcelMichelson,3040
200991newsML.txt,MarcelMichelson,3247
217645newsML.txt,MarcelMichelson,2658
229499newsML.txt,MarcelMichelson,3139
137480newsML.txt,MarcelMichelson,3370
129351newsML.txt,MarcelMichelson,3566
115160newsML.txt,MarcelMichelson,3437
141746newsML.txt,MarcelMichelson,3457
218344newsML.txt,MarcelMichelson,3477
174150newsML.txt,MarcelMichelson,3267
121701newsML.txt,MarcelMichelson,3583
171548newsML.txt,MarcelMichelson,3101
134931newsML.txt,MarcelMichelson,3340
18555newsML.txt,MarcelMichelson,3139
108487newsML.txt,MarcelMichelson,1993
197891newsML.txt,MarcelMichelson,2818
210745newsML.txt,MarcelMichelson,3132
203406newsML.txt,MarcelMichelson,2709
121654newsML.txt,MarcelMichelson,3672
134055newsML.txt,MarcelMichelson,2090
16949newsML.txt,MarcelMichelson,4301
128737newsML.txt,MarcelMichelson,3360
150780newsML.txt,MarcelMichelson,3116
144673newsML.txt,MarcelMichelson,2581
137247newsML.txt,MarcelMichelson,3346
171152newsML.txt,MarcelMichelson,3002
221119newsML.txt,MarcelMichelson,3469
200130newsML.txt,MarcelMichelson,3417
137362newsML.txt,MarcelMichelson,3078
13825newsML.txt,NickLouth,4129
155834newsML.txt,NickLouth,2101
10799newsML.txt,NickLouth,2660
112673newsML.txt,NickLouth,3597
140553newsML.txt,NickLouth,2830
136074newsML.txt,NickLouth,4108
161927newsML.txt,NickLouth,3194
133736newsML.txt,NickLouth,3112
162682newsML.txt,NickLouth,4481
136895newsML.txt,NickLouth,5525
164659newsML.txt,NickLouth,5382
133837newsML.txt,NickLouth,3028
120416newsML.txt,NickLouth,2931
159997newsML.txt,NickLouth,5260
137486newsML.txt,NickLouth,4016
162894newsML.txt,NickLouth,2146
182667newsML.txt,NickLouth,3124
13951newsML.txt,NickLouth,2852
160349newsML.txt,NickLouth,1970
117081newsML.txt,NickLouth,3897
135866newsML.txt,NickLouth,2918
162540newsML.txt,NickLouth,3422
160344newsML.txt,NickLouth,5259
162177newsML.txt,NickLouth,2561
105567newsML.txt,NickLouth,2997
119266newsML.txt,NickLouth,3162
130621newsML.txt,NickLouth,2233
116073newsML.txt,NickLouth,3285
123754newsML.txt,NickLouth,2898
162020newsML.txt,NickLouth,3193
154642newsML.txt,NickLouth,3961
136039newsML.txt,NickLouth,2859
164455newsML.txt,NickLouth,3656
137483newsML.txt,NickLouth,5140
165338newsML.txt,NickLouth,5382
13391newsML.txt,NickLouth,4336
163897newsML.txt,NickLouth,3012
110904newsML.txt,NickLouth,3628
120591newsML.txt,NickLouth,2838
116176newsML.txt,NickLouth,3325
180293newsML.txt,NickLouth,4661
108449newsML.txt,NickLouth,3992
123878newsML.txt,NickLouth,3394
159095newsML.txt,NickLouth,3829
18798newsML.txt,NickLouth,2552
162173newsML.txt,NickLouth,3482
162521newsML.txt,NickLouth,4449
13930newsML.txt,NickLouth,2513
16038newsML.txt,NickLouth,3660
121030newsML.txt,NickLouth,2791
174369newsML.txt,DarrenSchuettler,3334
205458newsML.txt,DarrenSchuettler,2591
383585newsML.txt,DarrenSchuettler,2821
175068newsML.txt,DarrenSchuettler,4753
159589newsML.txt,DarrenSchuettler,2054
144044newsML.txt,DarrenSchuettler,4054
245782newsML.txt,DarrenSchuettler,2010
202141newsML.txt,DarrenSchuettler,2856
233587newsML.txt,DarrenSchuettler,2596
144056newsML.txt,DarrenSchuettler,3097
248687newsML.txt,DarrenSchuettler,2668
358675newsML.txt,DarrenSchuettler,2997
237697newsML.txt,DarrenSchuettler,2899
143081newsML.txt,DarrenSchuettler,4914
104405newsML.txt,DarrenSchuettler,2387
139755newsML.txt,DarrenSchuettler,3732
236470newsML.txt,DarrenSchuettler,2906
130075newsML.txt,DarrenSchuettler,2701
208913newsML.txt,DarrenSchuettler,4205
245783newsML.txt,DarrenSchuettler,2793
294932newsML.txt,DarrenSchuettler,3441
129448newsML.txt,DarrenSchuettler,2701
224985newsML.txt,DarrenSchuettler,3440
12897newsML.txt,DarrenSchuettler,3605
348501newsML.txt,DarrenSchuettler,5605
213721newsML.txt,DarrenSchuettler,3381
128985newsML.txt,DarrenSchuettler,3361
236266newsML.txt,DarrenSchuettler,2433
162018newsML.txt,DarrenSchuettler,3106
213544newsML.txt,DarrenSchuettler,2633
10663newsML.txt,DarrenSchuettler,3390
364643newsML.txt,DarrenSchuettler,3143
34117newsML.txt,DarrenSchuettler,3251
168489newsML.txt,DarrenSchuettler,3683
181864newsML.txt,DarrenSchuettler,2574
161718newsML.txt,DarrenSchuettler,3105
377885newsML.txt,DarrenSchuettler,3537
222130newsML.txt,DarrenSchuettler,2631
216814newsML.txt,DarrenSchuettler,3174
219645newsML.txt,DarrenSchuettler,3172
234713newsML.txt,DarrenSchuettler,3012
144792newsML.txt,DarrenSchuettler,3053
290521newsML.txt,DarrenSchuettler,3631
364638newsML.txt,DarrenSchuettler,4256
111941newsML.txt,DarrenSchuettler,5751
159595newsML.txt,DarrenSchuettler,2523
377897newsML.txt,DarrenSchuettler,3501
156181newsML.txt,DarrenSchuettler,1976
172235newsML.txt,DarrenSchuettler,4757
159399newsML.txt,DarrenSchuettler,2168
126643newsML.txt,WilliamKazer,2460
247909newsML.txt,WilliamKazer,4299
239878newsML.txt,WilliamKazer,3825
188958newsML.txt,WilliamKazer,3199
278687newsML.txt,WilliamKazer,2243
258689newsML.txt,WilliamKazer,3256
148885newsML.txt,WilliamKazer,2811
247720newsML.txt,WilliamKazer,3244
246276newsML.txt,WilliamKazer,2776
257526newsML.txt,WilliamKazer,3064
153448newsML.txt,WilliamKazer,2266
28223newsML.txt,WilliamKazer,2441
214207newsML.txt,WilliamKazer,3076
222819newsML.txt,WilliamKazer,3159
180188newsML.txt,WilliamKazer,2438
113097newsML.txt,WilliamKazer,2644
143490newsML.txt,WilliamKazer,2230
206559newsML.txt,WilliamKazer,2775
202888newsML.txt,WilliamKazer,2384
196734newsML.txt,WilliamKazer,3464
287736newsML.txt,WilliamKazer,1997
268647newsML.txt,WilliamKazer,2077
108094newsML.txt,WilliamKazer,3229
147523newsML.txt,WilliamKazer,2565
304402newsML.txt,WilliamKazer,3841
281216newsML.txt,WilliamKazer,2827
264132newsML.txt,WilliamKazer,3147
178884newsML.txt,WilliamKazer,2433
101226newsML.txt,WilliamKazer,2027
125333newsML.txt,WilliamKazer,3775
12909newsML.txt,WilliamKazer,3263
106731newsML.txt,WilliamKazer,2391
178505newsML.txt,WilliamKazer,2947
2430newsML.txt,WilliamKazer,2278
235763newsML.txt,WilliamKazer,3071
105226newsML.txt,WilliamKazer,2005
195340newsML.txt,WilliamKazer,2886
113095newsML.txt,WilliamKazer,1849
169626newsML.txt,WilliamKazer,3300
118912newsML.txt,WilliamKazer,2175
289747newsML.txt,WilliamKazer,3106
10321newsML.txt,WilliamKazer,2231
208244newsML.txt,WilliamKazer,2950
115519newsML.txt,WilliamKazer,2181
209813newsML.txt,WilliamKazer,2925
165109newsML.txt,WilliamKazer,3348
129188newsML.txt,WilliamKazer,3602
282935newsML.txt,WilliamKazer,3922
247829newsML.txt,WilliamKazer,2973
123484newsML.txt,WilliamKazer,2706
195093newsML.txt,TanEeLyn,3337
253732newsML.txt,TanEeLyn,3330
113074newsML.txt,TanEeLyn,3344
266981newsML.txt,TanEeLyn,2384
153426newsML.txt,TanEeLyn,2205
169589newsML.txt,TanEeLyn,2112
392182newsML.txt,TanEeLyn,2244
273117newsML.txt,TanEeLyn,3441
301674newsML.txt,TanEeLyn,2391
462149newsML.txt,TanEeLyn,2320
41230newsML.txt,TanEeLyn,2840
417677newsML.txt,TanEeLyn,3316
123487newsML.txt,TanEeLyn,3509
155113newsML.txt,TanEeLyn,2469
253869newsML.txt,TanEeLyn,3043
281155newsML.txt,TanEeLyn,2723
426779newsML.txt,TanEeLyn,2744
241238newsML.txt,TanEeLyn,2528
186184newsML.txt,TanEeLyn,2675
381228newsML.txt,TanEeLyn,3182
283835newsML.txt,TanEeLyn,2261
192410newsML.txt,TanEeLyn,2417
108092newsML.txt,TanEeLyn,2559
190418newsML.txt,TanEeLyn,3365
169609newsML.txt,TanEeLyn,1906
192393newsML.txt,TanEeLyn,3069
446979newsML.txt,TanEeLyn,2391
395666newsML.txt,TanEeLyn,2783
392471newsML.txt,TanEeLyn,2142
110751newsML.txt,TanEeLyn,2633
243445newsML.txt,TanEeLyn,2285
113062newsML.txt,TanEeLyn,3407
242294newsML.txt,TanEeLyn,2580
336357newsML.txt,TanEeLyn,5010
462146newsML.txt,TanEeLyn,3496
27284newsML.txt,TanEeLyn,1918
422392newsML.txt,TanEeLyn,1911
163670newsML.txt,TanEeLyn,4109
380721newsML.txt,TanEeLyn,2681
381221newsML.txt,TanEeLyn,3588
456180newsML.txt,TanEeLyn,2279
409157newsML.txt,TanEeLyn,3887
246306newsML.txt,TanEeLyn,2533
250726newsML.txt,TanEeLyn,3136
250732newsML.txt,TanEeLyn,3322
380733newsML.txt,TanEeLyn,2424
271710newsML.txt,TanEeLyn,3269
127958newsML.txt,TanEeLyn,1956
264108newsML.txt,TanEeLyn,2374
31955newsML.txt,TanEeLyn,1969
240967newsML.txt,PierreTran,3179
315959newsML.txt,PierreTran,2553
220430newsML.txt,PierreTran,4047
319304newsML.txt,PierreTran,3611
134014newsML.txt,PierreTran,3903
120914newsML.txt,PierreTran,3319
304051newsML.txt,PierreTran,3523
221117newsML.txt,PierreTran,3722
335319newsML.txt,PierreTran,2935
134012newsML.txt,PierreTran,3895
257759newsML.txt,PierreTran,4156
187064newsML.txt,PierreTran,2956
243837newsML.txt,PierreTran,3945
322947newsML.txt,PierreTran,3407
37710newsML.txt,PierreTran,2322
231585newsML.txt,PierreTran,3010
103612newsML.txt,PierreTran,2343
114726newsML.txt,PierreTran,3468
259821newsML.txt,PierreTran,4414
261933newsML.txt,PierreTran,5224
257760newsML.txt,PierreTran,3988
166855newsML.txt,PierreTran,3399
203527newsML.txt,PierreTran,3869
29116newsML.txt,PierreTran,3607
303195newsML.txt,PierreTran,3930
103156newsML.txt,PierreTran,2384
270873newsML.txt,PierreTran,2728
114507newsML.txt,PierreTran,3454
120892newsML.txt,PierreTran,3111
117510newsML.txt,PierreTran,2102
286787newsML.txt,PierreTran,4485
203401newsML.txt,PierreTran,2654
37762newsML.txt,PierreTran,3250
379739newsML.txt,PierreTran,2666
322828newsML.txt,PierreTran,3238
100796newsML.txt,PierreTran,2787
204524newsML.txt,PierreTran,3869
131651newsML.txt,PierreTran,3727
135536newsML.txt,PierreTran,3584
137348newsML.txt,PierreTran,3950
335078newsML.txt,PierreTran,2967
121060newsML.txt,PierreTran,3372
111120newsML.txt,PierreTran,2726
37690newsML.txt,PierreTran,2318
169998newsML.txt,PierreTran,3539
200399newsML.txt,PierreTran,3191
121047newsML.txt,PierreTran,3178
193894newsML.txt,PierreTran,3286
244133newsML.txt,PierreTran,3942
257666newsML.txt,PierreTran,3909
231856newsML.txt,HeatherScoffield,4225
152972newsML.txt,HeatherScoffield,2886
184769newsML.txt,HeatherScoffield,3822
125085newsML.txt,HeatherScoffield,5815
238607newsML.txt,HeatherScoffield,4210
251147newsML.txt,HeatherScoffield,4819
101997newsML.txt,HeatherScoffield,3624
163214newsML.txt,HeatherScoffield,3920
119818newsML.txt,HeatherScoffield,4550
250167newsML.txt,HeatherScoffield,3347
216816newsML.txt,HeatherScoffield,3430
219630newsML.txt,HeatherScoffield,4347
248680newsML.txt,HeatherScoffield,3381
104778newsML.txt,HeatherScoffield,447
195125newsML.txt,HeatherScoffield,3107
301524newsML.txt,HeatherScoffield,5448
21156newsML.txt,HeatherScoffield,3702
251643newsML.txt,HeatherScoffield,3362
2751newsML.txt,HeatherScoffield,2735
217889newsML.txt,HeatherScoffield,3267
230639newsML.txt,HeatherScoffield,4552
224980newsML.txt,HeatherScoffield,2522
133016newsML.txt,HeatherScoffield,2352
227481newsML.txt,HeatherScoffield,2441
260834newsML.txt,HeatherScoffield,2948
266003newsML.txt,HeatherScoffield,3814
219197newsML.txt,HeatherScoffield,2468
295589newsML.txt,HeatherScoffield,2697
110341newsML.txt,HeatherScoffield,2144
233579newsML.txt,HeatherScoffield,3688
204659newsML.txt,HeatherScoffield,1414
233588newsML.txt,HeatherScoffield,3262
175078newsML.txt,HeatherScoffield,380
258231newsML.txt,HeatherScoffield,2954
175721newsML.txt,HeatherScoffield,3675
243004newsML.txt,HeatherScoffield,2964
263612newsML.txt,HeatherScoffield,2806
187990newsML.txt,HeatherScoffield,3577
133017newsML.txt,HeatherScoffield,2428
252855newsML.txt,HeatherScoffield,4698
222129newsML.txt,HeatherScoffield,3272
168501newsML.txt,HeatherScoffield,3100
266002newsML.txt,HeatherScoffield,3813
147086newsML.txt,HeatherScoffield,2626
15895newsML.txt,HeatherScoffield,3058
191069newsML.txt,HeatherScoffield,3104
165906newsML.txt,HeatherScoffield,2829
298748newsML.txt,HeatherScoffield,5428
248690newsML.txt,HeatherScoffield,2825
129447newsML.txt,HeatherScoffield,2076
138551newsML.txt,MureDickie,3396
186174newsML.txt,MureDickie,2776
225075newsML.txt,MureDickie,3118
105255newsML.txt,MureDickie,3386
137508newsML.txt,MureDickie,3390
140299newsML.txt,MureDickie,2265
11265newsML.txt,MureDickie,3016
187394newsML.txt,MureDickie,3341
211093newsML.txt,MureDickie,3058
204883newsML.txt,MureDickie,3267
188953newsML.txt,MureDickie,2878
142229newsML.txt,MureDickie,3709
125212newsML.txt,MureDickie,3376
155055newsML.txt,MureDickie,3354
199837newsML.txt,MureDickie,3242
163678newsML.txt,MureDickie,2538
126632newsML.txt,MureDickie,3182
169608newsML.txt,MureDickie,3240
102467newsML.txt,MureDickie,3378
214186newsML.txt,MureDickie,2747
209808newsML.txt,MureDickie,3585
133488newsML.txt,MureDickie,3013
120273newsML.txt,MureDickie,3150
153427newsML.txt,MureDickie,3720
169588newsML.txt,MureDickie,3424
159960newsML.txt,MureDickie,3658
192434newsML.txt,MureDickie,3162
161833newsML.txt,MureDickie,2941
11273newsML.txt,MureDickie,2460
167928newsML.txt,MureDickie,3229
108143newsML.txt,MureDickie,2117
161084newsML.txt,MureDickie,3525
156653newsML.txt,MureDickie,3550
117025newsML.txt,MureDickie,3032
130515newsML.txt,MureDickie,2685
166433newsML.txt,MureDickie,3489
182489newsML.txt,MureDickie,3712
159932newsML.txt,MureDickie,3273
196752newsML.txt,MureDickie,3180
209826newsML.txt,MureDickie,3273
174493newsML.txt,MureDickie,4047
192419newsML.txt,MureDickie,2816
15700newsML.txt,MureDickie,2956
158417newsML.txt,MureDickie,2513
118737newsML.txt,MureDickie,4711
144988newsML.txt,MureDickie,3353
176131newsML.txt,MureDickie,2838
110742newsML.txt,MureDickie,3448
222803newsML.txt,MureDickie,2938
129103newsML.txt,MureDickie,2626
360479newsML.txt,RogerFillion,3496
357386newsML.txt,RogerFillion,3036
352215newsML.txt,RogerFillion,6066
177017newsML.txt,RogerFillion,2519
351344newsML.txt,RogerFillion,3420
154675newsML.txt,RogerFillion,3118
181874newsML.txt,RogerFillion,3225
171742newsML.txt,RogerFillion,3037
173423newsML.txt,RogerFillion,2529
214814newsML.txt,RogerFillion,3541
283280newsML.txt,RogerFillion,3352
32727newsML.txt,RogerFillion,3208
172846newsML.txt,RogerFillion,3581
231347newsML.txt,RogerFillion,2812
215305newsML.txt,RogerFillion,3678
155654newsML.txt,RogerFillion,2952
139224newsML.txt,RogerFillion,2506
186425newsML.txt,RogerFillion,3807
186437newsML.txt,RogerFillion,3790
237323newsML.txt,RogerFillion,3279
217357newsML.txt,RogerFillion,3468
168572newsML.txt,RogerFillion,3728
150665newsML.txt,RogerFillion,2790
369492newsML.txt,RogerFillion,2985
361475newsML.txt,RogerFillion,2439
252404newsML.txt,RogerFillion,3624
267134newsML.txt,RogerFillion,4305
175177newsML.txt,RogerFillion,2756
137485newsML.txt,RogerFillion,4266
379567newsML.txt,RogerFillion,4244
206783newsML.txt,RogerFillion,2158
296312newsML.txt,RogerFillion,2617
306326newsML.txt,RogerFillion,3234
312253newsML.txt,RogerFillion,3362
317583newsML.txt,RogerFillion,4114
140752newsML.txt,RogerFillion,2504
215313newsML.txt,RogerFillion,3493
218296newsML.txt,RogerFillion,3030
305787newsML.txt,RogerFillion,3474
135924newsML.txt,RogerFillion,4256
264342newsML.txt,RogerFillion,2444
121036newsML.txt,RogerFillion,4028
174058newsML.txt,RogerFillion,3729
282184newsML.txt,RogerFillion,4020
217899newsML.txt,RogerFillion,3406
357213newsML.txt,RogerFillion,2733
277122newsML.txt,RogerFillion,3314
255709newsML.txt,RogerFillion,3612
146861newsML.txt,RogerFillion,3580
379555newsML.txt,RogerFillion,4241
156681newsML.txt,JimGilchrist,1384
186188newsML.txt,JimGilchrist,2194
105222newsML.txt,JimGilchrist,2436
206567newsML.txt,JimGilchrist,2913
156695newsML.txt,JimGilchrist,2340
117000newsML.txt,JimGilchrist,2414
123517newsML.txt,JimGilchrist,1067
133484newsML.txt,JimGilchrist,1364
196713newsML.txt,JimGilchrist,1618
130529newsML.txt,JimGilchrist,1242
148847newsML.txt,JimGilchrist,1173
138497newsML.txt,JimGilchrist,2219
123524newsML.txt,JimGilchrist,934
182456newsML.txt,JimGilchrist,1553
140355newsML.txt,JimGilchrist,1149
110767newsML.txt,JimGilchrist,1250
130525newsML.txt,JimGilchrist,1134
11269newsML.txt,JimGilchrist,1660
21567newsML.txt,JimGilchrist,1458
186190newsML.txt,JimGilchrist,1759
114262newsML.txt,JimGilchrist,2039
11270newsML.txt,JimGilchrist,817
196712newsML.txt,JimGilchrist,1683
147528newsML.txt,JimGilchrist,2132
121948newsML.txt,JimGilchrist,1294
130537newsML.txt,JimGilchrist,1789
19345newsML.txt,JimGilchrist,2959
172811newsML.txt,JimGilchrist,2021
147557newsML.txt,JimGilchrist,906
133504newsML.txt,JimGilchrist,3748
171185newsML.txt,JimGilchrist,1999
147518newsML.txt,JimGilchrist,2707
166456newsML.txt,JimGilchrist,1764
103904newsML.txt,JimGilchrist,1852
126622newsML.txt,JimGilchrist,1207
180176newsML.txt,JimGilchrist,2163
110715newsML.txt,JimGilchrist,1662
143463newsML.txt,JimGilchrist,4500
108091newsML.txt,JimGilchrist,1881
159926newsML.txt,JimGilchrist,1501
120244newsML.txt,JimGilchrist,747
126597newsML.txt,JimGilchrist,8630
138486newsML.txt,JimGilchrist,1477
147521newsML.txt,JimGilchrist,1058
176224newsML.txt,JimGilchrist,1436
123461newsML.txt,JimGilchrist,7698
120242newsML.txt,JimGilchrist,1841
206557newsML.txt,JimGilchrist,1575
130535newsML.txt,JimGilchrist,1936
166432newsML.txt,JimGilchrist,1291
15944newsML.txt,BradDorfman,2481
206764newsML.txt,BradDorfman,3252
225133newsML.txt,BradDorfman,4244
146870newsML.txt,BradDorfman,2973
276360newsML.txt,BradDorfman,4249
231427newsML.txt,BradDorfman,3873
272513newsML.txt,BradDorfman,2468
102760newsML.txt,BradDorfman,2758
144035newsML.txt,BradDorfman,3782
331819newsML.txt,BradDorfman,3386
231868newsML.txt,BradDorfman,3981
343945newsML.txt,BradDorfman,3533
340946newsML.txt,BradDorfman,2438
274879newsML.txt,BradDorfman,3471
291066newsML.txt,BradDorfman,4853
117102newsML.txt,BradDorfman,3524
321736newsML.txt,BradDorfman,2464
240151newsML.txt,BradDorfman,3137
156808newsML.txt,BradDorfman,4912
32215newsML.txt,BradDorfman,1851
200749newsML.txt,BradDorfman,3945
314102newsML.txt,BradDorfman,3213
234712newsML.txt,BradDorfman,1996
209880newsML.txt,BradDorfman,3464
291619newsML.txt,BradDorfman,2929
321585newsML.txt,BradDorfman,3297
255717newsML.txt,BradDorfman,2450
24388newsML.txt,BradDorfman,2726
321667newsML.txt,BradDorfman,2324
296368newsML.txt,BradDorfman,1003
199931newsML.txt,BradDorfman,3301
160089newsML.txt,BradDorfman,1498
285403newsML.txt,BradDorfman,2258
273212newsML.txt,BradDorfman,3742
344834newsML.txt,BradDorfman,2438
346831newsML.txt,BradDorfman,3144
226801newsML.txt,BradDorfman,4031
344162newsML.txt,BradDorfman,3170
28462newsML.txt,BradDorfman,2523
146644newsML.txt,BradDorfman,1988
16033newsML.txt,BradDorfman,2623
28928newsML.txt,BradDorfman,1908
309066newsML.txt,BradDorfman,2466
179121newsML.txt,BradDorfman,2506
142661newsML.txt,BradDorfman,4232
196808newsML.txt,BradDorfman,3725
33758newsML.txt,BradDorfman,2565
240124newsML.txt,BradDorfman,2768
206841newsML.txt,BradDorfman,2723
293661newsML.txt,BradDorfman,3418
119516newsML.txt,AlanCrosby,1903
213833newsML.txt,AlanCrosby,2613
196144newsML.txt,AlanCrosby,2942
126217newsML.txt,AlanCrosby,2145
143222newsML.txt,AlanCrosby,2791
199535newsML.txt,AlanCrosby,2572
194349newsML.txt,AlanCrosby,1970
128844newsML.txt,AlanCrosby,1650
212834newsML.txt,AlanCrosby,2486
133183newsML.txt,AlanCrosby,1886
20910newsML.txt,AlanCrosby,3368
136471newsML.txt,AlanCrosby,1745
122806newsML.txt,AlanCrosby,1917
123025newsML.txt,AlanCrosby,2079
104278newsML.txt,AlanCrosby,2787
185955newsML.txt,AlanCrosby,2661
224640newsML.txt,AlanCrosby,5178
194437newsML.txt,AlanCrosby,2009
109906newsML.txt,AlanCrosby,1835
213609newsML.txt,AlanCrosby,2665
139110newsML.txt,AlanCrosby,2173
225900newsML.txt,AlanCrosby,5032
213896newsML.txt,AlanCrosby,2637
156046newsML.txt,AlanCrosby,2174
128393newsML.txt,AlanCrosby,2623
206307newsML.txt,AlanCrosby,2952
194667newsML.txt,AlanCrosby,2695
140051newsML.txt,AlanCrosby,2017
10306newsML.txt,AlanCrosby,5668
216602newsML.txt,AlanCrosby,2742
116293newsML.txt,AlanCrosby,1807
142624newsML.txt,AlanCrosby,2885
212203newsML.txt,AlanCrosby,2761
125627newsML.txt,AlanCrosby,2536
10650newsML.txt,AlanCrosby,5740
21296newsML.txt,AlanCrosby,2654
212274newsML.txt,AlanCrosby,3124
156330newsML.txt,AlanCrosby,1975
128405newsML.txt,AlanCrosby,2608
110434newsML.txt,AlanCrosby,5422
194611newsML.txt,AlanCrosby,4111
101797newsML.txt,AlanCrosby,3519
188747newsML.txt,AlanCrosby,3821
135777newsML.txt,AlanCrosby,2016
134960newsML.txt,AlanCrosby,1851
113639newsML.txt,AlanCrosby,1415
205959newsML.txt,AlanCrosby,2963
217025newsML.txt,AlanCrosby,2767
104277newsML.txt,AlanCrosby,2269
122816newsML.txt,AlanCrosby,1783
124585newsML.txt,JonathanBirt,2963
339711newsML.txt,JonathanBirt,3283
315525newsML.txt,JonathanBirt,2892
331603newsML.txt,JonathanBirt,2351
294343newsML.txt,JonathanBirt,2842
225509newsML.txt,JonathanBirt,5340
169040newsML.txt,JonathanBirt,2456
29057newsML.txt,JonathanBirt,3035
250638newsML.txt,JonathanBirt,5168
293044newsML.txt,JonathanBirt,3362
329893newsML.txt,JonathanBirt,2351
200679newsML.txt,JonathanBirt,2816
338594newsML.txt,JonathanBirt,2004
331672newsML.txt,JonathanBirt,2343
340119newsML.txt,JonathanBirt,2217
289165newsML.txt,JonathanBirt,3381
172185newsML.txt,JonathanBirt,1446
300439newsML.txt,JonathanBirt,2832
164502newsML.txt,JonathanBirt,3437
163135newsML.txt,JonathanBirt,3036
123004newsML.txt,JonathanBirt,3070
165827newsML.txt,JonathanBirt,2630
314382newsML.txt,JonathanBirt,3133
26877newsML.txt,JonathanBirt,2770
338600newsML.txt,JonathanBirt,2044
200640newsML.txt,JonathanBirt,3197
319856newsML.txt,JonathanBirt,1066
201053newsML.txt,JonathanBirt,3539
107612newsML.txt,JonathanBirt,2749
116412newsML.txt,JonathanBirt,1913
339075newsML.txt,JonathanBirt,1884
137920newsML.txt,JonathanBirt,2423
160360newsML.txt,JonathanBirt,3084
174287newsML.txt,JonathanBirt,2626
27668newsML.txt,JonathanBirt,2760
106076newsML.txt,JonathanBirt,1736
163111newsML.txt,JonathanBirt,3042
219548newsML.txt,JonathanBirt,2636
134647newsML.txt,JonathanBirt,2565
232113newsML.txt,JonathanBirt,3589
100677newsML.txt,JonathanBirt,528
230577newsML.txt,JonathanBirt,3142
325858newsML.txt,JonathanBirt,2742
28480newsML.txt,JonathanBirt,2728
159532newsML.txt,JonathanBirt,3095
116415newsML.txt,JonathanBirt,1922
334243newsML.txt,JonathanBirt,2311
167309newsML.txt,JonathanBirt,2613
327653newsML.txt,JonathanBirt,3412
31091newsML.txt,JonathanBirt,2135
195350newsML.txt,BenjaminKangLim,4020
15741newsML.txt,BenjaminKangLim,3243
211064newsML.txt,BenjaminKangLim,3296
192394newsML.txt,BenjaminKangLim,3065
188955newsML.txt,BenjaminKangLim,3269
188988newsML.txt,BenjaminKangLim,3121
178518newsML.txt,BenjaminKangLim,3404
231106newsML.txt,BenjaminKangLim,2008
201374newsML.txt,BenjaminKangLim,3125
241295newsML.txt,BenjaminKangLim,2829
155439newsML.txt,BenjaminKangLim,3382
145736newsML.txt,BenjaminKangLim,3037
18363newsML.txt,BenjaminKangLim,3040
150365newsML.txt,BenjaminKangLim,3087
174581newsML.txt,BenjaminKangLim,3202
24300newsML.txt,BenjaminKangLim,2993
187423newsML.txt,BenjaminKangLim,3373
12228newsML.txt,BenjaminKangLim,2448
189031newsML.txt,BenjaminKangLim,3304
151860newsML.txt,BenjaminKangLim,3333
129162newsML.txt,BenjaminKangLim,3450
133520newsML.txt,BenjaminKangLim,3007
186173newsML.txt,BenjaminKangLim,2562
155059newsML.txt,BenjaminKangLim,3309
106762newsML.txt,BenjaminKangLim,3277
241719newsML.txt,BenjaminKangLim,3336
221670newsML.txt,BenjaminKangLim,2722
190439newsML.txt,BenjaminKangLim,2900
21575newsML.txt,BenjaminKangLim,2811
235646newsML.txt,BenjaminKangLim,3243
135232newsML.txt,BenjaminKangLim,3263
118687newsML.txt,BenjaminKangLim,3817
198232newsML.txt,BenjaminKangLim,2656
166435newsML.txt,BenjaminKangLim,3782
114204newsML.txt,BenjaminKangLim,3547
146225newsML.txt,BenjaminKangLim,3175
182490newsML.txt,BenjaminKangLim,2841
177874newsML.txt,BenjaminKangLim,3420
222816newsML.txt,BenjaminKangLim,3241
102444newsML.txt,BenjaminKangLim,3106
204845newsML.txt,BenjaminKangLim,3205
232863newsML.txt,BenjaminKangLim,3363
115482newsML.txt,BenjaminKangLim,3064
145148newsML.txt,BenjaminKangLim,2922
14439newsML.txt,BenjaminKangLim,3350
214183newsML.txt,BenjaminKangLim,2729
118614newsML.txt,BenjaminKangLim,3365
110733newsML.txt,BenjaminKangLim,3609
186199newsML.txt,BenjaminKangLim,2762
112125newsML.txt,BenjaminKangLim,3683
120387newsML.txt,TheresePoletti,4836
287618newsML.txt,TheresePoletti,2305
126708newsML.txt,TheresePoletti,3452
120410newsML.txt,TheresePoletti,2930
305885newsML.txt,TheresePoletti,3431
179117newsML.txt,TheresePoletti,4228
176991newsML.txt,TheresePoletti,4270
203129newsML.txt,TheresePoletti,2671
136917newsML.txt,TheresePoletti,3590
113481newsML.txt,TheresePoletti,3515
18158newsML.txt,TheresePoletti,4022
246358newsML.txt,TheresePoletti,3790
140583newsML.txt,TheresePoletti,4175
144326newsML.txt,TheresePoletti,4173
249362newsML.txt,TheresePoletti,3097
157001newsML.txt,TheresePoletti,4346
182700newsML.txt,TheresePoletti,3581
126897newsML.txt,TheresePoletti,544
243514newsML.txt,TheresePoletti,2671
200003newsML.txt,TheresePoletti,3546
257205newsML.txt,TheresePoletti,2586
16054newsML.txt,TheresePoletti,2921
285748newsML.txt,TheresePoletti,2321
154598newsML.txt,TheresePoletti,4610
149309newsML.txt,TheresePoletti,4127
242113newsML.txt,TheresePoletti,3619
104608newsML.txt,TheresePoletti,2929
129783newsML.txt,TheresePoletti,3624
237345newsML.txt,TheresePoletti,4333
232280newsML.txt,TheresePoletti,2897
189987newsML.txt,TheresePoletti,3301
151061newsML.txt,TheresePoletti,4987
130612newsML.txt,TheresePoletti,3242
309865newsML.txt,TheresePoletti,3055
186457newsML.txt,TheresePoletti,2431
187047newsML.txt,TheresePoletti,3423
27551newsML.txt,TheresePoletti,3600
101565newsML.txt,TheresePoletti,5144
240007newsML.txt,TheresePoletti,4185
18215newsML.txt,TheresePoletti,4020
283077newsML.txt,TheresePoletti,5734
246460newsML.txt,TheresePoletti,2982
203028newsML.txt,TheresePoletti,2915
301796newsML.txt,TheresePoletti,2604
146012newsML.txt,TheresePoletti,3704
242590newsML.txt,TheresePoletti,3831
181674newsML.txt,TheresePoletti,2920
252289newsML.txt,TheresePoletti,3495
272016newsML.txt,TheresePoletti,5205
115852newsML.txt,TheresePoletti,5189
202015newsML.txt,KeithWeir,2904
259522newsML.txt,KeithWeir,2916
107610newsML.txt,KeithWeir,2498
161747newsML.txt,KeithWeir,3063
161753newsML.txt,KeithWeir,3405
201067newsML.txt,KeithWeir,2814
12639newsML.txt,KeithWeir,2716
113806newsML.txt,KeithWeir,2480
223176newsML.txt,KeithWeir,2885
213689newsML.txt,KeithWeir,2917
13441newsML.txt,KeithWeir,1944
124269newsML.txt,KeithWeir,3247
265008newsML.txt,KeithWeir,2939
22411newsML.txt,KeithWeir,2558
199225newsML.txt,KeithWeir,3097
157702newsML.txt,KeithWeir,2886
114962newsML.txt,KeithWeir,2438
181588newsML.txt,KeithWeir,2565
13442newsML.txt,KeithWeir,3282
200592newsML.txt,KeithWeir,2542
203924newsML.txt,KeithWeir,2726
275481newsML.txt,KeithWeir,5464
203930newsML.txt,KeithWeir,2557
172133newsML.txt,KeithWeir,2631
229606newsML.txt,KeithWeir,2598
21070newsML.txt,KeithWeir,2975
265140newsML.txt,KeithWeir,2377
241521newsML.txt,KeithWeir,2686
2344newsML.txt,KeithWeir,2333
232566newsML.txt,KeithWeir,5371
232616newsML.txt,KeithWeir,5371
158161newsML.txt,KeithWeir,3061
122945newsML.txt,KeithWeir,3192
114919newsML.txt,KeithWeir,2751
117941newsML.txt,KeithWeir,2623
117955newsML.txt,KeithWeir,3025
138347newsML.txt,KeithWeir,3428
152889newsML.txt,KeithWeir,3237
162021newsML.txt,KeithWeir,3477
117958newsML.txt,KeithWeir,2623
161602newsML.txt,KeithWeir,2861
162208newsML.txt,KeithWeir,3036
164490newsML.txt,KeithWeir,3172
163109newsML.txt,KeithWeir,3466
125542newsML.txt,KeithWeir,2960
234892newsML.txt,KeithWeir,2884
161738newsML.txt,KeithWeir,3896
286107newsML.txt,KeithWeir,2184
262296newsML.txt,KeithWeir,2206
110316newsML.txt,KeithWeir,3319
103362newsML.txt,JoWinterbottom,3074
154415newsML.txt,JoWinterbottom,3242
115389newsML.txt,JoWinterbottom,5910
143033newsML.txt,JoWinterbottom,3089
185611newsML.txt,JoWinterbottom,3009
132968newsML.txt,JoWinterbottom,3463
203926newsML.txt,JoWinterbottom,3277
186888newsML.txt,JoWinterbottom,2248
148026newsML.txt,JoWinterbottom,3494
206040newsML.txt,JoWinterbottom,3725
152843newsML.txt,JoWinterbottom,2539
131763newsML.txt,JoWinterbottom,3344
191718newsML.txt,JoWinterbottom,3384
141413newsML.txt,JoWinterbottom,3336
131132newsML.txt,JoWinterbottom,3435
117971newsML.txt,JoWinterbottom,3519
220918newsML.txt,JoWinterbottom,3082
185674newsML.txt,JoWinterbottom,3665
142994newsML.txt,JoWinterbottom,3851
190268newsML.txt,JoWinterbottom,3206
186890newsML.txt,JoWinterbottom,3312
197541newsML.txt,JoWinterbottom,3323
126147newsML.txt,JoWinterbottom,3440
159560newsML.txt,JoWinterbottom,3979
210506newsML.txt,JoWinterbottom,3043
210519newsML.txt,JoWinterbottom,2053
103380newsML.txt,JoWinterbottom,2491
142995newsML.txt,JoWinterbottom,3225
136300newsML.txt,JoWinterbottom,3778
148227newsML.txt,JoWinterbottom,3334
184783newsML.txt,JoWinterbottom,3321
187979newsML.txt,JoWinterbottom,3444
149908newsML.txt,JoWinterbottom,3917
147012newsML.txt,JoWinterbottom,3497
143011newsML.txt,JoWinterbottom,1973
200668newsML.txt,JoWinterbottom,2996
151249newsML.txt,JoWinterbottom,2842
138243newsML.txt,JoWinterbottom,3941
207515newsML.txt,JoWinterbottom,2896
183638newsML.txt,JoWinterbottom,3202
130021newsML.txt,JoWinterbottom,2994
144390newsML.txt,JoWinterbottom,3899
143036newsML.txt,JoWinterbottom,3065
195814newsML.txt,JoWinterbottom,3332
105972newsML.txt,JoWinterbottom,3260
199265newsML.txt,JoWinterbottom,1854
200394newsML.txt,JoWinterbottom,1865
183716newsML.txt,JoWinterbottom,3067
142997newsML.txt,JoWinterbottom,2542
203923newsML.txt,JoWinterbottom,3168
33304newsML.txt,MarkBendeich,3657
286542newsML.txt,MarkBendeich,3253
368145newsML.txt,MarkBendeich,2701
269583newsML.txt,MarkBendeich,2837
164991newsML.txt,MarkBendeich,2661
115420newsML.txt,MarkBendeich,3587
118468newsML.txt,MarkBendeich,3234
27264newsML.txt,MarkBendeich,3323
135098newsML.txt,MarkBendeich,1147
289652newsML.txt,MarkBendeich,3673
370908newsML.txt,MarkBendeich,3269
33308newsML.txt,MarkBendeich,3668
364654newsML.txt,MarkBendeich,3765
294969newsML.txt,MarkBendeich,3220
30686newsML.txt,MarkBendeich,3646
21528newsML.txt,MarkBendeich,3086
358701newsML.txt,MarkBendeich,3003
402409newsML.txt,MarkBendeich,3357
294948newsML.txt,MarkBendeich,2830
395441newsML.txt,MarkBendeich,4456
271088newsML.txt,MarkBendeich,467
271058newsML.txt,MarkBendeich,3264
101093newsML.txt,MarkBendeich,3123
383103newsML.txt,MarkBendeich,2456
383098newsML.txt,MarkBendeich,1074
192328newsML.txt,MarkBendeich,1565
398974newsML.txt,MarkBendeich,2806
155007newsML.txt,MarkBendeich,3155
391048newsML.txt,MarkBendeich,2978
151787newsML.txt,MarkBendeich,591
373924newsML.txt,MarkBendeich,2986
125147newsML.txt,MarkBendeich,3892
399895newsML.txt,MarkBendeich,2397
271077newsML.txt,MarkBendeich,3034
379952newsML.txt,MarkBendeich,532
101098newsML.txt,MarkBendeich,1371
402412newsML.txt,MarkBendeich,3215
358695newsML.txt,MarkBendeich,3000
121864newsML.txt,MarkBendeich,3340
115431newsML.txt,MarkBendeich,2419
103818newsML.txt,MarkBendeich,924
402444newsML.txt,MarkBendeich,2641
399002newsML.txt,MarkBendeich,1104
103826newsML.txt,MarkBendeich,2287
368102newsML.txt,MarkBendeich,3135
30673newsML.txt,MarkBendeich,2815
114722newsML.txt,MarkBendeich,3023
258563newsML.txt,MarkBendeich,4004
125094newsML.txt,MarkBendeich,2743
286524newsML.txt,MarkBendeich,2417
150364newsML.txt,JaneMacartney,3661
279102newsML.txt,JaneMacartney,3805
108069newsML.txt,JaneMacartney,3769
247009newsML.txt,JaneMacartney,4393
244948newsML.txt,JaneMacartney,3032
253835newsML.txt,JaneMacartney,2956
242319newsML.txt,JaneMacartney,3449
112616newsML.txt,JaneMacartney,3191
297895newsML.txt,JaneMacartney,3359
280467newsML.txt,JaneMacartney,3527
301144newsML.txt,JaneMacartney,3118
101337newsML.txt,JaneMacartney,5985
113072newsML.txt,JaneMacartney,3537
153470newsML.txt,JaneMacartney,3241
280485newsML.txt,JaneMacartney,3267
127969newsML.txt,JaneMacartney,3334
156668newsML.txt,JaneMacartney,3513
115502newsML.txt,JaneMacartney,3406
269865newsML.txt,JaneMacartney,3140
246277newsML.txt,JaneMacartney,4035
121957newsML.txt,JaneMacartney,3734
242519newsML.txt,JaneMacartney,3464
109736newsML.txt,JaneMacartney,5906
296010newsML.txt,JaneMacartney,3375
279474newsML.txt,JaneMacartney,4015
113073newsML.txt,JaneMacartney,3527
272173newsML.txt,JaneMacartney,3443
105215newsML.txt,JaneMacartney,4563
102414newsML.txt,JaneMacartney,3271
276094newsML.txt,JaneMacartney,3425
104067newsML.txt,JaneMacartney,5680
301175newsML.txt,JaneMacartney,3656
105207newsML.txt,JaneMacartney,3462
281220newsML.txt,JaneMacartney,3575
275597newsML.txt,JaneMacartney,3213
112619newsML.txt,JaneMacartney,3262
249226newsML.txt,JaneMacartney,4359
106841newsML.txt,JaneMacartney,4271
279442newsML.txt,JaneMacartney,3612
106671newsML.txt,JaneMacartney,3457
279477newsML.txt,JaneMacartney,3510
108114newsML.txt,JaneMacartney,2914
165077newsML.txt,JaneMacartney,3281
158581newsML.txt,JaneMacartney,3102
125313newsML.txt,JaneMacartney,3437
264064newsML.txt,JaneMacartney,3633
284741newsML.txt,JaneMacartney,3455
281200newsML.txt,JaneMacartney,3381
277885newsML.txt,JaneMacartney,3427
162404newsML.txt,JaneMacartney,3283
350671newsML.txt,MatthewBunce,3595
139789newsML.txt,MatthewBunce,2822
346379newsML.txt,MatthewBunce,3363
362814newsML.txt,MatthewBunce,2191
327686newsML.txt,MatthewBunce,2078
169180newsML.txt,MatthewBunce,3615
224769newsML.txt,MatthewBunce,3424
102033newsML.txt,MatthewBunce,3677
266534newsML.txt,MatthewBunce,3124
333417newsML.txt,MatthewBunce,4300
236509newsML.txt,MatthewBunce,2645
258294newsML.txt,MatthewBunce,3604
359857newsML.txt,MatthewBunce,2753
153002newsML.txt,MatthewBunce,3499
130106newsML.txt,MatthewBunce,2674
224786newsML.txt,MatthewBunce,4201
175759newsML.txt,MatthewBunce,3126
298758newsML.txt,MatthewBunce,3138
301536newsML.txt,MatthewBunce,3550
356601newsML.txt,MatthewBunce,3198
343437newsML.txt,MatthewBunce,3874
283605newsML.txt,MatthewBunce,3385
302478newsML.txt,MatthewBunce,1964
334354newsML.txt,MatthewBunce,3848
280201newsML.txt,MatthewBunce,2388
165976newsML.txt,MatthewBunce,1904
308257newsML.txt,MatthewBunce,2834
165943newsML.txt,MatthewBunce,2935
343415newsML.txt,MatthewBunce,3354
280207newsML.txt,MatthewBunce,2821
263657newsML.txt,MatthewBunce,2819
293127newsML.txt,MatthewBunce,3860
156243newsML.txt,MatthewBunce,2117
169229newsML.txt,MatthewBunce,2734
233655newsML.txt,MatthewBunce,3005
318283newsML.txt,MatthewBunce,3628
248714newsML.txt,MatthewBunce,3315
362649newsML.txt,MatthewBunce,3907
288284newsML.txt,MatthewBunce,2781
302468newsML.txt,MatthewBunce,4503
107670newsML.txt,MatthewBunce,3632
311372newsML.txt,MatthewBunce,2571
305276newsML.txt,MatthewBunce,3259
251685newsML.txt,MatthewBunce,3270
359837newsML.txt,MatthewBunce,3220
343391newsML.txt,MatthewBunce,1445
362811newsML.txt,MatthewBunce,2228
286922newsML.txt,MatthewBunce,2826
224752newsML.txt,MatthewBunce,4023
287384newsML.txt,MatthewBunce,2968
191372newsML.txt,ToddNissen,2340
148408newsML.txt,ToddNissen,3670
270751newsML.txt,ToddNissen,3378
284597newsML.txt,ToddNissen,3385
111247newsML.txt,ToddNissen,3157
280639newsML.txt,ToddNissen,2719
245562newsML.txt,ToddNissen,3349
133717newsML.txt,ToddNissen,3455
155659newsML.txt,ToddNissen,3461
108216newsML.txt,ToddNissen,4986
267365newsML.txt,ToddNissen,2731
222096newsML.txt,ToddNissen,2374
216410newsML.txt,ToddNissen,3095
200426newsML.txt,ToddNissen,2458
217896newsML.txt,ToddNissen,3119
110957newsML.txt,ToddNissen,3196
144319newsML.txt,ToddNissen,2040
146468newsML.txt,ToddNissen,2843
18393newsML.txt,ToddNissen,2940
121051newsML.txt,ToddNissen,3898
140567newsML.txt,ToddNissen,2041
217362newsML.txt,ToddNissen,3383
237066newsML.txt,ToddNissen,2677
107276newsML.txt,ToddNissen,2731
291856newsML.txt,ToddNissen,2964
193662newsML.txt,ToddNissen,2626
286232newsML.txt,ToddNissen,4172
284034newsML.txt,ToddNissen,3383
271791newsML.txt,ToddNissen,3432
259007newsML.txt,ToddNissen,3134
199894newsML.txt,ToddNissen,3733
261367newsML.txt,ToddNissen,3734
117089newsML.txt,ToddNissen,4668
18151newsML.txt,ToddNissen,2929
270703newsML.txt,ToddNissen,2750
160059newsML.txt,ToddNissen,3368
189259newsML.txt,ToddNissen,3157
158140newsML.txt,ToddNissen,3465
264956newsML.txt,ToddNissen,3325
227529newsML.txt,ToddNissen,3282
154381newsML.txt,ToddNissen,2333
149287newsML.txt,ToddNissen,3394
189161newsML.txt,ToddNissen,3028
217419newsML.txt,ToddNissen,2049
18414newsML.txt,ToddNissen,2218
28509newsML.txt,ToddNissen,2579
146741newsML.txt,ToddNissen,2606
120415newsML.txt,ToddNissen,4374
193383newsML.txt,ToddNissen,3355
246995newsML.txt,ToddNissen,3536
184622newsML.txt,PeterHumphrey,3788
208161newsML.txt,PeterHumphrey,3292
269864newsML.txt,PeterHumphrey,2717
108105newsML.txt,PeterHumphrey,3423
244883newsML.txt,PeterHumphrey,3534
120288newsML.txt,PeterHumphrey,3630
151867newsML.txt,PeterHumphrey,3005
226225newsML.txt,PeterHumphrey,3686
247781newsML.txt,PeterHumphrey,3546
256526newsML.txt,PeterHumphrey,3786
271287newsML.txt,PeterHumphrey,3547
115524newsML.txt,PeterHumphrey,3630
246251newsML.txt,PeterHumphrey,3332
205146newsML.txt,PeterHumphrey,3468
250825newsML.txt,PeterHumphrey,3924
269850newsML.txt,PeterHumphrey,3607
195348newsML.txt,PeterHumphrey,3795
276107newsML.txt,PeterHumphrey,4356
252085newsML.txt,PeterHumphrey,3346
235615newsML.txt,PeterHumphrey,3667
271684newsML.txt,PeterHumphrey,4255
192387newsML.txt,PeterHumphrey,3446
232735newsML.txt,PeterHumphrey,3035
238764newsML.txt,PeterHumphrey,3634
278596newsML.txt,PeterHumphrey,2957
224140newsML.txt,PeterHumphrey,3442
250733newsML.txt,PeterHumphrey,3751
215906newsML.txt,PeterHumphrey,3452
302864newsML.txt,PeterHumphrey,3452
243415newsML.txt,PeterHumphrey,3432
174559newsML.txt,PeterHumphrey,3488
262875newsML.txt,PeterHumphrey,3242
158626newsML.txt,PeterHumphrey,2700
235690newsML.txt,PeterHumphrey,3662
166468newsML.txt,PeterHumphrey,3699
161373newsML.txt,PeterHumphrey,2870
247855newsML.txt,PeterHumphrey,3590
262888newsML.txt,PeterHumphrey,3355
217232newsML.txt,PeterHumphrey,3894
25384newsML.txt,PeterHumphrey,3190
232850newsML.txt,PeterHumphrey,3620
227262newsML.txt,PeterHumphrey,3393
202909newsML.txt,PeterHumphrey,3681
222778newsML.txt,PeterHumphrey,3156
221800newsML.txt,PeterHumphrey,3739
129185newsML.txt,PeterHumphrey,4788
190619newsML.txt,PeterHumphrey,3580
26410newsML.txt,PeterHumphrey,3587
194769newsML.txt,PeterHumphrey,3554
242322newsML.txt,PeterHumphrey,4279
165864newsML.txt,TimFarrand,3062
204606newsML.txt,TimFarrand,3703
167779newsML.txt,TimFarrand,1565
175500newsML.txt,TimFarrand,2472
177684newsML.txt,TimFarrand,2380
199222newsML.txt,TimFarrand,3167
114953newsML.txt,TimFarrand,2766
159531newsML.txt,TimFarrand,2638
175594newsML.txt,TimFarrand,3455
10265newsML.txt,TimFarrand,3098
240674newsML.txt,TimFarrand,2871
159528newsML.txt,TimFarrand,2437
152851newsML.txt,TimFarrand,3836
143038newsML.txt,TimFarrand,3476
234885newsML.txt,TimFarrand,3531
165801newsML.txt,TimFarrand,3151
225561newsML.txt,TimFarrand,3766
164516newsML.txt,TimFarrand,3110
164877newsML.txt,TimFarrand,3101
154492newsML.txt,TimFarrand,2866
229685newsML.txt,TimFarrand,3363
201017newsML.txt,TimFarrand,2742
160644newsML.txt,TimFarrand,2991
167803newsML.txt,TimFarrand,4089
242992newsML.txt,TimFarrand,3221
238095newsML.txt,TimFarrand,4274
220852newsML.txt,TimFarrand,3440
221452newsML.txt,TimFarrand,579
224684newsML.txt,TimFarrand,2295
230604newsML.txt,TimFarrand,2240
220938newsML.txt,TimFarrand,596
127403newsML.txt,TimFarrand,2973
202017newsML.txt,TimFarrand,3332
220857newsML.txt,TimFarrand,2585
173850newsML.txt,TimFarrand,3181
127856newsML.txt,TimFarrand,3610
173770newsML.txt,TimFarrand,2376
237980newsML.txt,TimFarrand,1041
210560newsML.txt,TimFarrand,3995
235003newsML.txt,TimFarrand,541
207557newsML.txt,TimFarrand,3653
149844newsML.txt,TimFarrand,2760
15631newsML.txt,TimFarrand,3343
237957newsML.txt,TimFarrand,3874
164890newsML.txt,TimFarrand,2630
224668newsML.txt,TimFarrand,2503
172132newsML.txt,TimFarrand,2827
236371newsML.txt,TimFarrand,2258
242910newsML.txt,TimFarrand,3940
229159newsML.txt,TimFarrand,3083
419462newsML.txt,SarahDavison,3269
428346newsML.txt,SarahDavison,3490
213002newsML.txt,SarahDavison,3423
196732newsML.txt,SarahDavison,3032
190734newsML.txt,SarahDavison,3149
342562newsML.txt,SarahDavison,5003
148891newsML.txt,SarahDavison,3079
24260newsML.txt,SarahDavison,3463
387956newsML.txt,SarahDavison,3765
361890newsML.txt,SarahDavison,3263
369465newsML.txt,SarahDavison,4209
26419newsML.txt,SarahDavison,4225
155177newsML.txt,SarahDavison,3087
317452newsML.txt,SarahDavison,3297
31981newsML.txt,SarahDavison,2464
352851newsML.txt,SarahDavison,6194
396739newsML.txt,SarahDavison,5560
396743newsML.txt,SarahDavison,7979
324597newsML.txt,SarahDavison,4028
386644newsML.txt,SarahDavison,6270
414690newsML.txt,SarahDavison,3328
405565newsML.txt,SarahDavison,6252
310313newsML.txt,SarahDavison,3044
365768newsML.txt,SarahDavison,3395
150435newsML.txt,SarahDavison,3224
429225newsML.txt,SarahDavison,3869
21569newsML.txt,SarahDavison,3028
421047newsML.txt,SarahDavison,3018
147534newsML.txt,SarahDavison,2670
396740newsML.txt,SarahDavison,3233
317706newsML.txt,SarahDavison,3371
310654newsML.txt,SarahDavison,2837
426661newsML.txt,SarahDavison,3489
429223newsML.txt,SarahDavison,3260
436334newsML.txt,SarahDavison,3101
113117newsML.txt,SarahDavison,2755
409023newsML.txt,SarahDavison,3417
162424newsML.txt,SarahDavison,3224
27290newsML.txt,SarahDavison,2966
169592newsML.txt,SarahDavison,2561
426559newsML.txt,SarahDavison,3710
392316newsML.txt,SarahDavison,3004
383224newsML.txt,SarahDavison,3516
323333newsML.txt,SarahDavison,4124
360226newsML.txt,SarahDavison,3261
140274newsML.txt,SarahDavison,2829
387955newsML.txt,SarahDavison,3367
166481newsML.txt,SarahDavison,3050
165189newsML.txt,SarahDavison,3225
108084newsML.txt,SarahDavison,3062
252156newsML.txt,GrahamEarnshaw,2252
275716newsML.txt,GrahamEarnshaw,3331
273087newsML.txt,GrahamEarnshaw,3161
103906newsML.txt,GrahamEarnshaw,3327
229903newsML.txt,GrahamEarnshaw,3192
172788newsML.txt,GrahamEarnshaw,2940
247793newsML.txt,GrahamEarnshaw,2590
128171newsML.txt,GrahamEarnshaw,3691
271168newsML.txt,GrahamEarnshaw,3771
217296newsML.txt,GrahamEarnshaw,2467
187405newsML.txt,GrahamEarnshaw,2494
277010newsML.txt,GrahamEarnshaw,6392
232939newsML.txt,GrahamEarnshaw,3218
250860newsML.txt,GrahamEarnshaw,2246
258604newsML.txt,GrahamEarnshaw,3913
238773newsML.txt,GrahamEarnshaw,3477
252118newsML.txt,GrahamEarnshaw,3459
271134newsML.txt,GrahamEarnshaw,3184
152163newsML.txt,GrahamEarnshaw,4232
231139newsML.txt,GrahamEarnshaw,2285
204791newsML.txt,GrahamEarnshaw,2868
167951newsML.txt,GrahamEarnshaw,3453
254834newsML.txt,GrahamEarnshaw,3254
205033newsML.txt,GrahamEarnshaw,3128
247765newsML.txt,GrahamEarnshaw,2952
232804newsML.txt,GrahamEarnshaw,2852
114251newsML.txt,GrahamEarnshaw,3199
270340newsML.txt,GrahamEarnshaw,3181
190410newsML.txt,GrahamEarnshaw,3828
244929newsML.txt,GrahamEarnshaw,2617
274219newsML.txt,GrahamEarnshaw,3298
169618newsML.txt,GrahamEarnshaw,3220
280504newsML.txt,GrahamEarnshaw,2435
220126newsML.txt,GrahamEarnshaw,2940
262722newsML.txt,GrahamEarnshaw,2943
265664newsML.txt,GrahamEarnshaw,2827
113070newsML.txt,GrahamEarnshaw,3470
232537newsML.txt,GrahamEarnshaw,2831
262829newsML.txt,GrahamEarnshaw,3201
134309newsML.txt,GrahamEarnshaw,2075
226150newsML.txt,GrahamEarnshaw,3209
249198newsML.txt,GrahamEarnshaw,3170
181135newsML.txt,GrahamEarnshaw,2624
241254newsML.txt,GrahamEarnshaw,3490
231076newsML.txt,GrahamEarnshaw,2062
13495newsML.txt,GrahamEarnshaw,2387
198148newsML.txt,GrahamEarnshaw,2407
113102newsML.txt,GrahamEarnshaw,3016
201228newsML.txt,GrahamEarnshaw,2763
267059newsML.txt,GrahamEarnshaw,3032
155005newsML.txt,BernardHickey,2416
103816newsML.txt,BernardHickey,3070
223856newsML.txt,BernardHickey,3303
148778newsML.txt,BernardHickey,2896
223842newsML.txt,BernardHickey,3407
111971newsML.txt,BernardHickey,3426
322996newsML.txt,BernardHickey,3264
294933newsML.txt,BernardHickey,2441
25315newsML.txt,BernardHickey,2691
250680newsML.txt,BernardHickey,4010
181034newsML.txt,BernardHickey,995
33299newsML.txt,BernardHickey,2822
218591newsML.txt,BernardHickey,2664
25320newsML.txt,BernardHickey,2694
355589newsML.txt,BernardHickey,2607
154997newsML.txt,BernardHickey,3080
322990newsML.txt,BernardHickey,3358
242252newsML.txt,BernardHickey,3010
30677newsML.txt,BernardHickey,2973
223857newsML.txt,BernardHickey,3288
118434newsML.txt,BernardHickey,2709
111981newsML.txt,BernardHickey,3690
25344newsML.txt,BernardHickey,2944
118470newsML.txt,BernardHickey,2406
117740newsML.txt,BernardHickey,2457
118448newsML.txt,BernardHickey,3204
294952newsML.txt,BernardHickey,2526
361820newsML.txt,BernardHickey,3451
148786newsML.txt,BernardHickey,1078
361792newsML.txt,BernardHickey,2751
323527newsML.txt,BernardHickey,3346
18328newsML.txt,BernardHickey,3106
31892newsML.txt,BernardHickey,2848
165020newsML.txt,BernardHickey,3237
151764newsML.txt,BernardHickey,3153
198061newsML.txt,BernardHickey,3080
110697newsML.txt,BernardHickey,3840
201116newsML.txt,BernardHickey,951
184099newsML.txt,BernardHickey,3031
118901newsML.txt,BernardHickey,3258
361793newsML.txt,BernardHickey,3620
184111newsML.txt,BernardHickey,3669
176080newsML.txt,BernardHickey,3078
33301newsML.txt,BernardHickey,2152
165334newsML.txt,BernardHickey,3398
164986newsML.txt,BernardHickey,3327
33315newsML.txt,BernardHickey,2049
118472newsML.txt,BernardHickey,2400
354020newsML.txt,BernardHickey,2368
174426newsML.txt,BernardHickey,1592
219536newsML.txt,KirstinRidley,2729
181858newsML.txt,KirstinRidley,2975
162195newsML.txt,KirstinRidley,3603
162181newsML.txt,KirstinRidley,3579
314406newsML.txt,KirstinRidley,2930
181907newsML.txt,KirstinRidley,3158
36556newsML.txt,KirstinRidley,2809
315603newsML.txt,KirstinRidley,3892
165832newsML.txt,KirstinRidley,3450
162193newsML.txt,KirstinRidley,3953
239217newsML.txt,KirstinRidley,3421
23873newsML.txt,KirstinRidley,2888
250064newsML.txt,KirstinRidley,3593
394816newsML.txt,KirstinRidley,3528
188419newsML.txt,KirstinRidley,3839
314384newsML.txt,KirstinRidley,2768
327620newsML.txt,KirstinRidley,3302
163119newsML.txt,KirstinRidley,2631
278254newsML.txt,KirstinRidley,3624
103790newsML.txt,KirstinRidley,2646
341864newsML.txt,KirstinRidley,2838
157761newsML.txt,KirstinRidley,3292
163112newsML.txt,KirstinRidley,3754
322955newsML.txt,KirstinRidley,3281
316041newsML.txt,KirstinRidley,2800
294355newsML.txt,KirstinRidley,3505
267983newsML.txt,KirstinRidley,3064
199262newsML.txt,KirstinRidley,3936
347828newsML.txt,KirstinRidley,1843
254351newsML.txt,KirstinRidley,3628
341840newsML.txt,KirstinRidley,2769
187985newsML.txt,KirstinRidley,3993
167814newsML.txt,KirstinRidley,2621
162644newsML.txt,KirstinRidley,3899
162191newsML.txt,KirstinRidley,446
329130newsML.txt,KirstinRidley,3715
164526newsML.txt,KirstinRidley,2641
402055newsML.txt,KirstinRidley,3321
27422newsML.txt,KirstinRidley,3095
393388newsML.txt,KirstinRidley,2968
340175newsML.txt,KirstinRidley,2686
359687newsML.txt,KirstinRidley,3662
156083newsML.txt,KirstinRidley,4055
371805newsML.txt,KirstinRidley,3300
189900newsML.txt,KirstinRidley,3998
297203newsML.txt,KirstinRidley,2927
322479newsML.txt,KirstinRidley,3052
189882newsML.txt,KirstinRidley,4572
162189newsML.txt,KirstinRidley,3541
374916newsML.txt,KirstinRidley,2706
268005newsML.txt,AlexanderSmith,6808
289578newsML.txt,AlexanderSmith,3474
223793newsML.txt,AlexanderSmith,2903
164558newsML.txt,AlexanderSmith,3117
18111newsML.txt,AlexanderSmith,3552
236412newsML.txt,AlexanderSmith,2447
240608newsML.txt,AlexanderSmith,2322
179671newsML.txt,AlexanderSmith,3552
225590newsML.txt,AlexanderSmith,3632
224655newsML.txt,AlexanderSmith,3859
304231newsML.txt,AlexanderSmith,2963
274612newsML.txt,AlexanderSmith,4878
29098newsML.txt,AlexanderSmith,3917
172146newsML.txt,AlexanderSmith,3479
134595newsML.txt,AlexanderSmith,3086
21127newsML.txt,AlexanderSmith,3558
164269newsML.txt,AlexanderSmith,2635
135627newsML.txt,AlexanderSmith,2715
134290newsML.txt,AlexanderSmith,3944
110282newsML.txt,AlexanderSmith,3205
239202newsML.txt,AlexanderSmith,2927
164287newsML.txt,AlexanderSmith,3457
237953newsML.txt,AlexanderSmith,3348
107525newsML.txt,AlexanderSmith,2987
307212newsML.txt,AlexanderSmith,3790
141391newsML.txt,AlexanderSmith,3595
185613newsML.txt,AlexanderSmith,3587
238090newsML.txt,AlexanderSmith,3704
162656newsML.txt,AlexanderSmith,3335
141943newsML.txt,AlexanderSmith,3474
223283newsML.txt,AlexanderSmith,6419
188417newsML.txt,AlexanderSmith,3662
302382newsML.txt,AlexanderSmith,3313
300452newsML.txt,AlexanderSmith,5313
134584newsML.txt,AlexanderSmith,2727
18227newsML.txt,AlexanderSmith,3607
162657newsML.txt,AlexanderSmith,3857
223300newsML.txt,AlexanderSmith,2729
251540newsML.txt,AlexanderSmith,2349
23876newsML.txt,AlexanderSmith,4257
220666newsML.txt,AlexanderSmith,3793
219521newsML.txt,AlexanderSmith,3620
272743newsML.txt,AlexanderSmith,3425
165875newsML.txt,AlexanderSmith,3116
134983newsML.txt,AlexanderSmith,4252
184789newsML.txt,AlexanderSmith,2951
16167newsML.txt,AlexanderSmith,2847
219512newsML.txt,AlexanderSmith,3793
144367newsML.txt,AlexanderSmith,6299
109096newsML.txt,AlexanderSmith,2976
219628newsML.txt,LydiaZajc,1890
216822newsML.txt,LydiaZajc,2212
13810newsML.txt,LydiaZajc,1908
15592newsML.txt,LydiaZajc,2088
319107newsML.txt,LydiaZajc,1863
185720newsML.txt,LydiaZajc,1803
319113newsML.txt,LydiaZajc,2592
346330newsML.txt,LydiaZajc,1811
172241newsML.txt,LydiaZajc,2200
311319newsML.txt,LydiaZajc,1916
332252newsML.txt,LydiaZajc,2142
353567newsML.txt,LydiaZajc,1694
227933newsML.txt,LydiaZajc,2203
165902newsML.txt,LydiaZajc,2004
316724newsML.txt,LydiaZajc,1988
139760newsML.txt,LydiaZajc,1873
164298newsML.txt,LydiaZajc,2429
356565newsML.txt,LydiaZajc,1698
326409newsML.txt,LydiaZajc,2009
202140newsML.txt,LydiaZajc,2635
213719newsML.txt,LydiaZajc,2450
254426newsML.txt,LydiaZajc,3020
239275newsML.txt,LydiaZajc,2097
345128newsML.txt,LydiaZajc,1764
302437newsML.txt,LydiaZajc,1410
305250newsML.txt,LydiaZajc,2160
339037newsML.txt,LydiaZajc,4637
362785newsML.txt,LydiaZajc,1926
364632newsML.txt,LydiaZajc,1544
163197newsML.txt,LydiaZajc,2096
257337newsML.txt,LydiaZajc,3016
130081newsML.txt,LydiaZajc,1759
329147newsML.txt,LydiaZajc,1673
212440newsML.txt,LydiaZajc,2637
334277newsML.txt,LydiaZajc,1614
105793newsML.txt,LydiaZajc,2927
308198newsML.txt,LydiaZajc,2089
2387newsML.txt,LydiaZajc,1697
239280newsML.txt,LydiaZajc,2158
230638newsML.txt,LydiaZajc,2614
10274newsML.txt,LydiaZajc,1728
317743newsML.txt,LydiaZajc,2577
162222newsML.txt,LydiaZajc,2426
174373newsML.txt,LydiaZajc,1632
366471newsML.txt,LydiaZajc,1652
224725newsML.txt,LydiaZajc,1967
233590newsML.txt,LydiaZajc,2186
207278newsML.txt,LydiaZajc,1916
236474newsML.txt,LydiaZajc,2174
188535newsML.txt,LydiaZajc,3183
