0,RobinSidel
1,RobinSidel
2,RobinSidel
3,RobinSidel
4,RobinSidel
5,RobinSidel
6,RobinSidel
7,RobinSidel
8,RobinSidel
9,RobinSidel
10,RobinSidel
11,RobinSidel
12,RobinSidel
13,RobinSidel
14,RobinSidel
15,RobinSidel
16,RobinSidel
17,RobinSidel
18,RobinSidel
19,RobinSidel
20,RobinSidel
21,RobinSidel
22,RobinSidel
23,RobinSidel
24,RobinSidel
25,RobinSidel
26,RobinSidel
27,RobinSidel
28,RobinSidel
29,RobinSidel
30,RobinSidel
31,RobinSidel
32,RobinSidel
33,RobinSidel
34,RobinSidel
35,RobinSidel
36,RobinSidel
37,RobinSidel
38,RobinSidel
39,RobinSidel
40,RobinSidel
41,RobinSidel
42,RobinSidel
43,RobinSidel
44,RobinSidel
45,RobinSidel
46,RobinSidel
47,RobinSidel
48,RobinSidel
49,RobinSidel
50,LynnleyBrowning
51,LynnleyBrowning
52,LynnleyBrowning
53,LynnleyBrowning
54,LynnleyBrowning
55,LynnleyBrowning
56,LynnleyBrowning
57,LynnleyBrowning
58,LynnleyBrowning
59,LynnleyBrowning
60,LynnleyBrowning
61,LynnleyBrowning
62,LynnleyBrowning
63,LynnleyBrowning
64,LynnleyBrowning
65,LynnleyBrowning
66,LynnleyBrowning
67,LynnleyBrowning
68,LynnleyBrowning
69,LynnleyBrowning
70,LynnleyBrowning
71,LynnleyBrowning
72,LynnleyBrowning
73,LynnleyBrowning
74,LynnleyBrowning
75,LynnleyBrowning
76,LynnleyBrowning
77,LynnleyBrowning
78,LynnleyBrowning
79,LynnleyBrowning
80,LynnleyBrowning
81,LynnleyBrowning
82,LynnleyBrowning
83,RobinSidel
84,LynnleyBrowning
85,LynnleyBrowning
86,LynnleyBrowning
87,LynnleyBrowning
88,LynnleyBrowning
89,LynnleyBrowning
90,LynnleyBrowning
91,LynnleyBrowning
92,LynnleyBrowning
93,LynnleyBrowning
94,LynnleyBrowning
95,LynnleyBrowning
96,LynnleyBrowning
97,LynnleyBrowning
98,LynnleyBrowning
99,LynnleyBrowning
100,DarrenSchuettler
101,DarrenSchuettler
102,DarrenSchuettler
103,DarrenSchuettler
104,DarrenSchuettler
105,DarrenSchuettler
106,DarrenSchuettler
107,DarrenSchuettler
108,DarrenSchuettler
109,DarrenSchuettler
110,DarrenSchuettler
111,DarrenSchuettler
112,DarrenSchuettler
113,DarrenSchuettler
114,DarrenSchuettler
115,DarrenSchuettler
116,DarrenSchuettler
117,DarrenSchuettler
118,DarrenSchuettler
119,DarrenSchuettler
120,DarrenSchuettler
121,DarrenSchuettler
122,DarrenSchuettler
123,DarrenSchuettler
124,DarrenSchuettler
125,DarrenSchuettler
126,DarrenSchuettler
127,DarrenSchuettler
128,DarrenSchuettler
129,DarrenSchuettler
130,DarrenSchuettler
131,DarrenSchuettler
132,DarrenSchuettler
133,DarrenSchuettler
134,DarrenSchuettler
135,DarrenSchuettler
136,DarrenSchuettler
137,DarrenSchuettler
138,DarrenSchuettler
139,DarrenSchuettler
140,DarrenSchuettler
141,DarrenSchuettler
142,DarrenSchuettler
143,DarrenSchuettler
144,DarrenSchuettler
145,DarrenSchuettler
146,DarrenSchuettler
147,DarrenSchuettler
148,DarrenSchuettler
149,DarrenSchuettler
150,DarrenSchuettler
151,DarrenSchuettler
152,DarrenSchuettler
153,DarrenSchuettler
154,DarrenSchuettler
155,DarrenSchuettler
156,DarrenSchuettler
157,DarrenSchuettler
158,DarrenSchuettler
159,DarrenSchuettler
160,DarrenSchuettler
161,DarrenSchuettler
162,DarrenSchuettler
163,DarrenSchuettler
164,DarrenSchuettler
165,DarrenSchuettler
166,DarrenSchuettler
167,DarrenSchuettler
168,DarrenSchuettler
169,DarrenSchuettler
170,DarrenSchuettler
171,DarrenSchuettler
172,DarrenSchuettler
173,DarrenSchuettler
174,DarrenSchuettler
175,DarrenSchuettler
176,DarrenSchuettler
177,DarrenSchuettler
178,DarrenSchuettler
179,DarrenSchuettler
180,DarrenSchuettler
181,DarrenSchuettler
182,DarrenSchuettler
183,DarrenSchuettler
184,DarrenSchuettler
185,DarrenSchuettler
186,DarrenSchuettler
187,DarrenSchuettler
188,DarrenSchuettler
189,DarrenSchuettler
190,DarrenSchuettler
191,DarrenSchuettler
192,DarrenSchuettler
193,DarrenSchuettler
194,DarrenSchuettler
195,DarrenSchuettler
196,DarrenSchuettler
197,DarrenSchuettler
198,DarrenSchuettler
199,DarrenSchuettler
200,DarrenSchuettler
201,DarrenSchuettler
202,DarrenSchuettler
203,DarrenSchuettler
204,DarrenSchuettler
205,DarrenSchuettler
206,DarrenSchuettler
207,DarrenSchuettler
208,DarrenSchuettler
209,DarrenSchuettler
210,DarrenSchuettler
211,DarrenSchuettler
212,DarrenSchuettler
213,DarrenSchuettler
214,DarrenSchuettler
215,DarrenSchuettler
216,DarrenSchuettler
217,DarrenSchuettler
218,DarrenSchuettler
219,DarrenSchuettler
220,DarrenSchuettler
221,DarrenSchuettler
222,DarrenSchuettler
223,DarrenSchuettler
224,DarrenSchuettler
225,DarrenSchuettler
226,DarrenSchuettler
227,DarrenSchuettler
228,DarrenSchuettler
229,DarrenSchuettler
230,DarrenSchuettler
231,DarrenSchuettler
232,DarrenSchuettler
233,DarrenSchuettler
234,DarrenSchuettler
235,DarrenSchuettler
236,DarrenSchuettler
237,DarrenSchuettler
238,DarrenSchuettler
239,DarrenSchuettler
240,DarrenSchuettler
241,DarrenSchuettler
242,DarrenSchuettler
243,DarrenSchuettler
244,DarrenSchuettler
245,DarrenSchuettler
246,DarrenSchuettler
247,DarrenSchuettler
248,DarrenSchuettler
249,DarrenSchuettler
250,DarrenSchuettler
251,DarrenSchuettler
252,DarrenSchuettler
253,DarrenSchuettler
254,DarrenSchuettler
255,DarrenSchuettler
256,DarrenSchuettler
257,DarrenSchuettler
258,DarrenSchuettler
259,DarrenSchuettler
260,DarrenSchuettler
261,DarrenSchuettler
262,DarrenSchuettler
263,DarrenSchuettler
264,DarrenSchuettler
265,DarrenSchuettler
266,DarrenSchuettler
267,DarrenSchuettler
268,DarrenSchuettler
269,DarrenSchuettler
270,DarrenSchuettler
271,DarrenSchuettler
272,DarrenSchuettler
273,DarrenSchuettler
274,DarrenSchuettler
275,DarrenSchuettler
276,DarrenSchuettler
277,DarrenSchuettler
278,DarrenSchuettler
279,DarrenSchuettler
280,DarrenSchuettler
281,DarrenSchuettler
282,DarrenSchuettler
283,DarrenSchuettler
284,DarrenSchuettler
285,DarrenSchuettler
286,DarrenSchuettler
287,DarrenSchuettler
288,DarrenSchuettler
289,DarrenSchuettler
290,DarrenSchuettler
291,DarrenSchuettler
292,DarrenSchuettler
293,DarrenSchuettler
294,DarrenSchuettler
295,DarrenSchuettler
296,DarrenSchuettler
297,DarrenSchuettler
298,DarrenSchuettler
299,DarrenSchuettler
300,DarrenSchuettler
301,DarrenSchuettler
302,DarrenSchuettler
303,DarrenSchuettler
304,DarrenSchuettler
305,DarrenSchuettler
306,DarrenSchuettler
307,DarrenSchuettler
308,DarrenSchuettler
309,DarrenSchuettler
310,DarrenSchuettler
311,DarrenSchuettler
312,DarrenSchuettler
313,DarrenSchuettler
314,DarrenSchuettler
315,DarrenSchuettler
316,DarrenSchuettler
317,DarrenSchuettler
318,DarrenSchuettler
319,DarrenSchuettler
320,DarrenSchuettler
321,DarrenSchuettler
322,DarrenSchuettler
323,DarrenSchuettler
324,DarrenSchuettler
325,DarrenSchuettler
326,DarrenSchuettler
327,DarrenSchuettler
328,DarrenSchuettler
329,DarrenSchuettler
330,DarrenSchuettler
331,DarrenSchuettler
332,DarrenSchuettler
333,DarrenSchuettler
334,DarrenSchuettler
335,DarrenSchuettler
336,DarrenSchuettler
337,DarrenSchuettler
338,DarrenSchuettler
339,DarrenSchuettler
340,DarrenSchuettler
341,DarrenSchuettler
342,DarrenSchuettler
343,DarrenSchuettler
344,DarrenSchuettler
345,DarrenSchuettler
346,DarrenSchuettler
347,DarrenSchuettler
348,DarrenSchuettler
349,DarrenSchuettler
350,DarrenSchuettler
351,DarrenSchuettler
352,DarrenSchuettler
353,DarrenSchuettler
354,DarrenSchuettler
355,DarrenSchuettler
356,DarrenSchuettler
357,DarrenSchuettler
358,DarrenSchuettler
359,DarrenSchuettler
360,DarrenSchuettler
361,DarrenSchuettler
362,DarrenSchuettler
363,DarrenSchuettler
364,DarrenSchuettler
365,DarrenSchuettler
366,DarrenSchuettler
367,DarrenSchuettler
368,DarrenSchuettler
369,DarrenSchuettler
370,DarrenSchuettler
371,DarrenSchuettler
372,DarrenSchuettler
373,DarrenSchuettler
374,DarrenSchuettler
375,DarrenSchuettler
376,DarrenSchuettler
377,DarrenSchuettler
378,DarrenSchuettler
379,DarrenSchuettler
380,DarrenSchuettler
381,DarrenSchuettler
382,DarrenSchuettler
383,DarrenSchuettler
384,DarrenSchuettler
385,DarrenSchuettler
386,DarrenSchuettler
387,DarrenSchuettler
388,DarrenSchuettler
389,DarrenSchuettler
390,DarrenSchuettler
391,DarrenSchuettler
392,DarrenSchuettler
393,DarrenSchuettler
394,DarrenSchuettler
395,DarrenSchuettler
396,DarrenSchuettler
397,DarrenSchuettler
398,DarrenSchuettler
399,DarrenSchuettler
400,DarrenSchuettler
401,DarrenSchuettler
402,DarrenSchuettler
403,DarrenSchuettler
404,DarrenSchuettler
405,DarrenSchuettler
406,DarrenSchuettler
407,DarrenSchuettler
408,DarrenSchuettler
409,DarrenSchuettler
410,DarrenSchuettler
411,DarrenSchuettler
412,DarrenSchuettler
413,DarrenSchuettler
414,DarrenSchuettler
415,DarrenSchuettler
416,DarrenSchuettler
417,DarrenSchuettler
418,DarrenSchuettler
419,DarrenSchuettler
420,DarrenSchuettler
421,DarrenSchuettler
422,DarrenSchuettler
423,DarrenSchuettler
424,DarrenSchuettler
425,DarrenSchuettler
426,DarrenSchuettler
427,DarrenSchuettler
428,DarrenSchuettler
429,DarrenSchuettler
430,DarrenSchuettler
431,DarrenSchuettler
432,DarrenSchuettler
433,DarrenSchuettler
434,DarrenSchuettler
435,DarrenSchuettler
436,DarrenSchuettler
437,DarrenSchuettler
438,DarrenSchuettler
439,DarrenSchuettler
440,DarrenSchuettler
441,DarrenSchuettler
442,DarrenSchuettler
443,DarrenSchuettler
444,DarrenSchuettler
445,DarrenSchuettler
446,DarrenSchuettler
447,DarrenSchuettler
448,DarrenSchuettler
449,DarrenSchuettler
450,DarrenSchuettler
451,DarrenSchuettler
452,DarrenSchuettler
453,DarrenSchuettler
454,DarrenSchuettler
455,DarrenSchuettler
456,DarrenSchuettler
457,DarrenSchuettler
458,DarrenSchuettler
459,DarrenSchuettler
460,DarrenSchuettler
461,DarrenSchuettler
462,DarrenSchuettler
463,DarrenSchuettler
464,DarrenSchuettler
465,DarrenSchuettler
466,DarrenSchuettler
467,DarrenSchuettler
468,DarrenSchuettler
469,DarrenSchuettler
470,DarrenSchuettler
471,DarrenSchuettler
472,DarrenSchuettler
473,DarrenSchuettler
474,DarrenSchuettler
475,DarrenSchuettler
476,DarrenSchuettler
477,DarrenSchuettler
478,DarrenSchuettler
479,DarrenSchuettler
480,DarrenSchuettler
481,DarrenSchuettler
482,DarrenSchuettler
483,DarrenSchuettler
484,DarrenSchuettler
485,DarrenSchuettler
486,DarrenSchuettler
487,DarrenSchuettler
488,DarrenSchuettler
489,DarrenSchuettler
490,DarrenSchuettler
491,DarrenSchuettler
492,DarrenSchuettler
493,DarrenSchuettler
494,DarrenSchuettler
495,DarrenSchuettler
496,DarrenSchuettler
497,DarrenSchuettler
498,DarrenSchuettler
499,DarrenSchuettler
500,DarrenSchuettler
501,DarrenSchuettler
502,DarrenSchuettler
503,DarrenSchuettler
504,DarrenSchuettler
505,DarrenSchuettler
506,DarrenSchuettler
507,DarrenSchuettler
508,DarrenSchuettler
509,DarrenSchuettler
510,DarrenSchuettler
511,DarrenSchuettler
512,DarrenSchuettler
513,DarrenSchuettler
514,DarrenSchuettler
515,DarrenSchuettler
516,DarrenSchuettler
517,DarrenSchuettler
518,DarrenSchuettler
519,DarrenSchuettler
520,DarrenSchuettler
521,DarrenSchuettler
522,DarrenSchuettler
523,DarrenSchuettler
524,DarrenSchuettler
525,DarrenSchuettler
526,DarrenSchuettler
527,DarrenSchuettler
528,DarrenSchuettler
529,DarrenSchuettler
530,DarrenSchuettler
531,DarrenSchuettler
532,DarrenSchuettler
533,DarrenSchuettler
534,DarrenSchuettler
535,DarrenSchuettler
536,DarrenSchuettler
537,DarrenSchuettler
538,DarrenSchuettler
539,DarrenSchuettler
540,DarrenSchuettler
541,DarrenSchuettler
542,DarrenSchuettler
543,DarrenSchuettler
544,DarrenSchuettler
545,DarrenSchuettler
546,DarrenSchuettler
547,DarrenSchuettler
548,DarrenSchuettler
549,DarrenSchuettler
550,DarrenSchuettler
551,DarrenSchuettler
552,DarrenSchuettler
553,DarrenSchuettler
554,DarrenSchuettler
555,DarrenSchuettler
556,DarrenSchuettler
557,DarrenSchuettler
558,DarrenSchuettler
559,DarrenSchuettler
560,DarrenSchuettler
561,DarrenSchuettler
562,DarrenSchuettler
563,DarrenSchuettler
564,DarrenSchuettler
565,DarrenSchuettler
566,DarrenSchuettler
567,DarrenSchuettler
568,DarrenSchuettler
569,DarrenSchuettler
570,DarrenSchuettler
571,DarrenSchuettler
572,DarrenSchuettler
573,DarrenSchuettler
574,DarrenSchuettler
575,DarrenSchuettler
576,DarrenSchuettler
577,DarrenSchuettler
578,DarrenSchuettler
579,DarrenSchuettler
580,DarrenSchuettler
581,DarrenSchuettler
582,DarrenSchuettler
583,DarrenSchuettler
584,DarrenSchuettler
585,DarrenSchuettler
586,DarrenSchuettler
587,DarrenSchuettler
588,DarrenSchuettler
589,DarrenSchuettler
590,DarrenSchuettler
591,DarrenSchuettler
592,DarrenSchuettler
593,DarrenSchuettler
594,DarrenSchuettler
595,DarrenSchuettler
596,DarrenSchuettler
597,DarrenSchuettler
598,DarrenSchuettler
599,DarrenSchuettler
600,DarrenSchuettler
601,DarrenSchuettler
602,DarrenSchuettler
603,DarrenSchuettler
604,DarrenSchuettler
605,DarrenSchuettler
606,DarrenSchuettler
607,DarrenSchuettler
608,DarrenSchuettler
609,DarrenSchuettler
610,DarrenSchuettler
611,DarrenSchuettler
612,DarrenSchuettler
613,DarrenSchuettler
614,DarrenSchuettler
615,DarrenSchuettler
616,DarrenSchuettler
617,DarrenSchuettler
618,DarrenSchuettler
619,DarrenSchuettler
620,DarrenSchuettler
621,DarrenSchuettler
622,DarrenSchuettler
623,DarrenSchuettler
624,DarrenSchuettler
625,DarrenSchuettler
626,DarrenSchuettler
627,DarrenSchuettler
628,DarrenSchuettler
629,DarrenSchuettler
630,DarrenSchuettler
631,DarrenSchuettler
632,DarrenSchuettler
633,DarrenSchuettler
634,DarrenSchuettler
635,DarrenSchuettler
636,DarrenSchuettler
637,DarrenSchuettler
638,DarrenSchuettler
639,DarrenSchuettler
640,DarrenSchuettler
641,DarrenSchuettler
642,DarrenSchuettler
643,DarrenSchuettler
644,DarrenSchuettler
645,DarrenSchuettler
646,DarrenSchuettler
647,DarrenSchuettler
648,DarrenSchuettler
649,DarrenSchuettler
650,DarrenSchuettler
651,DarrenSchuettler
652,DarrenSchuettler
653,DarrenSchuettler
654,DarrenSchuettler
655,DarrenSchuettler
656,DarrenSchuettler
657,DarrenSchuettler
658,DarrenSchuettler
659,DarrenSchuettler
660,DarrenSchuettler
661,DarrenSchuettler
662,DarrenSchuettler
663,DarrenSchuettler
664,DarrenSchuettler
665,DarrenSchuettler
666,DarrenSchuettler
667,DarrenSchuettler
668,DarrenSchuettler
669,DarrenSchuettler
670,DarrenSchuettler
671,DarrenSchuettler
672,DarrenSchuettler
673,DarrenSchuettler
674,DarrenSchuettler
675,DarrenSchuettler
676,DarrenSchuettler
677,DarrenSchuettler
678,DarrenSchuettler
679,DarrenSchuettler
680,DarrenSchuettler
681,DarrenSchuettler
682,DarrenSchuettler
683,DarrenSchuettler
684,DarrenSchuettler
685,DarrenSchuettler
686,DarrenSchuettler
687,DarrenSchuettler
688,DarrenSchuettler
689,DarrenSchuettler
690,DarrenSchuettler
691,DarrenSchuettler
692,DarrenSchuettler
693,DarrenSchuettler
694,DarrenSchuettler
695,DarrenSchuettler
696,DarrenSchuettler
697,DarrenSchuettler
698,DarrenSchuettler
699,DarrenSchuettler
700,DarrenSchuettler
701,DarrenSchuettler
702,DarrenSchuettler
703,DarrenSchuettler
704,DarrenSchuettler
705,DarrenSchuettler
706,DarrenSchuettler
707,DarrenSchuettler
708,DarrenSchuettler
709,DarrenSchuettler
710,DarrenSchuettler
711,DarrenSchuettler
712,DarrenSchuettler
713,DarrenSchuettler
714,DarrenSchuettler
715,DarrenSchuettler
716,DarrenSchuettler
717,DarrenSchuettler
718,DarrenSchuettler
719,DarrenSchuettler
720,DarrenSchuettler
721,DarrenSchuettler
722,DarrenSchuettler
723,DarrenSchuettler
724,DarrenSchuettler
725,DarrenSchuettler
726,DarrenSchuettler
727,DarrenSchuettler
728,DarrenSchuettler
729,DarrenSchuettler
730,DarrenSchuettler
731,DarrenSchuettler
732,DarrenSchuettler
733,DarrenSchuettler
734,DarrenSchuettler
735,DarrenSchuettler
736,DarrenSchuettler
737,DarrenSchuettler
738,DarrenSchuettler
739,DarrenSchuettler
740,DarrenSchuettler
741,DarrenSchuettler
742,DarrenSchuettler
743,DarrenSchuettler
744,DarrenSchuettler
745,DarrenSchuettler
746,DarrenSchuettler
747,DarrenSchuettler
748,DarrenSchuettler
749,DarrenSchuettler
750,DarrenSchuettler
751,DarrenSchuettler
752,DarrenSchuettler
753,DarrenSchuettler
754,DarrenSchuettler
755,DarrenSchuettler
756,DarrenSchuettler
757,DarrenSchuettler
758,DarrenSchuettler
759,DarrenSchuettler
760,DarrenSchuettler
761,DarrenSchuettler
762,DarrenSchuettler
763,DarrenSchuettler
764,DarrenSchuettler
765,DarrenSchuettler
766,DarrenSchuettler
767,DarrenSchuettler
768,DarrenSchuettler
769,DarrenSchuettler
770,DarrenSchuettler
771,DarrenSchuettler
772,DarrenSchuettler
773,DarrenSchuettler
774,DarrenSchuettler
775,DarrenSchuettler
776,DarrenSchuettler
777,DarrenSchuettler
778,DarrenSchuettler
779,DarrenSchuettler
780,DarrenSchuettler
781,DarrenSchuettler
782,DarrenSchuettler
783,DarrenSchuettler
784,DarrenSchuettler
785,DarrenSchuettler
786,DarrenSchuettler
787,DarrenSchuettler
788,DarrenSchuettler
789,DarrenSchuettler
790,DarrenSchuettler
791,DarrenSchuettler
792,DarrenSchuettler
793,DarrenSchuettler
794,DarrenSchuettler
795,DarrenSchuettler
796,DarrenSchuettler
797,DarrenSchuettler
798,DarrenSchuettler
799,DarrenSchuettler
800,DarrenSchuettler
801,DarrenSchuettler
802,DarrenSchuettler
803,DarrenSchuettler
804,DarrenSchuettler
805,DarrenSchuettler
806,DarrenSchuettler
807,DarrenSchuettler
808,DarrenSchuettler
809,DarrenSchuettler
810,DarrenSchuettler
811,DarrenSchuettler
812,DarrenSchuettler
813,DarrenSchuettler
814,DarrenSchuettler
815,DarrenSchuettler
816,DarrenSchuettler
817,DarrenSchuettler
818,DarrenSchuettler
819,DarrenSchuettler
820,DarrenSchuettler
821,DarrenSchuettler
822,DarrenSchuettler
823,DarrenSchuettler
824,DarrenSchuettler
825,DarrenSchuettler
826,DarrenSchuettler
827,DarrenSchuettler
828,DarrenSchuettler
829,DarrenSchuettler
830,DarrenSchuettler
831,DarrenSchuettler
832,DarrenSchuettler
833,DarrenSchuettler
834,DarrenSchuettler
835,DarrenSchuettler
836,DarrenSchuettler
837,DarrenSchuettler
838,DarrenSchuettler
839,DarrenSchuettler
840,DarrenSchuettler
841,DarrenSchuettler
842,DarrenSchuettler
843,DarrenSchuettler
844,DarrenSchuettler
845,DarrenSchuettler
846,DarrenSchuettler
847,DarrenSchuettler
848,DarrenSchuettler
849,DarrenSchuettler
850,DarrenSchuettler
851,DarrenSchuettler
852,DarrenSchuettler
853,DarrenSchuettler
854,DarrenSchuettler
855,DarrenSchuettler
856,DarrenSchuettler
857,DarrenSchuettler
858,DarrenSchuettler
859,DarrenSchuettler
860,DarrenSchuettler
861,DarrenSchuettler
862,DarrenSchuettler
863,DarrenSchuettler
864,DarrenSchuettler
865,DarrenSchuettler
866,DarrenSchuettler
867,DarrenSchuettler
868,DarrenSchuettler
869,DarrenSchuettler
870,DarrenSchuettler
871,DarrenSchuettler
872,DarrenSchuettler
873,DarrenSchuettler
874,DarrenSchuettler
875,DarrenSchuettler
876,DarrenSchuettler
877,DarrenSchuettler
878,DarrenSchuettler
879,DarrenSchuettler
880,DarrenSchuettler
881,DarrenSchuettler
882,DarrenSchuettler
883,DarrenSchuettler
884,DarrenSchuettler
885,DarrenSchuettler
886,DarrenSchuettler
887,DarrenSchuettler
888,DarrenSchuettler
889,DarrenSchuettler
890,DarrenSchuettler
891,DarrenSchuettler
892,DarrenSchuettler
893,DarrenSchuettler
894,DarrenSchuettler
895,DarrenSchuettler
896,DarrenSchuettler
897,DarrenSchuettler
898,DarrenSchuettler
899,DarrenSchuettler
900,DarrenSchuettler
901,DarrenSchuettler
902,DarrenSchuettler
903,DarrenSchuettler
904,DarrenSchuettler
905,DarrenSchuettler
906,DarrenSchuettler
907,DarrenSchuettler
908,DarrenSchuettler
909,DarrenSchuettler
910,DarrenSchuettler
911,DarrenSchuettler
912,DarrenSchuettler
913,DarrenSchuettler
914,DarrenSchuettler
915,DarrenSchuettler
916,DarrenSchuettler
917,DarrenSchuettler
918,DarrenSchuettler
919,DarrenSchuettler
920,DarrenSchuettler
921,DarrenSchuettler
922,DarrenSchuettler
923,DarrenSchuettler
924,DarrenSchuettler
925,DarrenSchuettler
926,DarrenSchuettler
927,DarrenSchuettler
928,DarrenSchuettler
929,DarrenSchuettler
930,DarrenSchuettler
931,DarrenSchuettler
932,DarrenSchuettler
933,DarrenSchuettler
934,DarrenSchuettler
935,DarrenSchuettler
936,DarrenSchuettler
937,DarrenSchuettler
938,DarrenSchuettler
939,DarrenSchuettler
940,DarrenSchuettler
941,DarrenSchuettler
942,DarrenSchuettler
943,DarrenSchuettler
944,DarrenSchuettler
945,DarrenSchuettler
946,DarrenSchuettler
947,DarrenSchuettler
948,DarrenSchuettler
949,DarrenSchuettler
950,DarrenSchuettler
951,DarrenSchuettler
952,DarrenSchuettler
953,DarrenSchuettler
954,DarrenSchuettler
955,DarrenSchuettler
956,DarrenSchuettler
957,DarrenSchuettler
958,DarrenSchuettler
959,DarrenSchuettler
960,DarrenSchuettler
961,DarrenSchuettler
962,DarrenSchuettler
963,DarrenSchuettler
964,DarrenSchuettler
965,DarrenSchuettler
966,DarrenSchuettler
967,DarrenSchuettler
968,DarrenSchuettler
969,DarrenSchuettler
970,DarrenSchuettler
971,DarrenSchuettler
972,DarrenSchuettler
973,DarrenSchuettler
974,DarrenSchuettler
975,DarrenSchuettler
976,DarrenSchuettler
977,DarrenSchuettler
978,DarrenSchuettler
979,DarrenSchuettler
980,DarrenSchuettler
981,DarrenSchuettler
982,DarrenSchuettler
983,DarrenSchuettler
984,DarrenSchuettler
985,DarrenSchuettler
986,DarrenSchuettler
987,DarrenSchuettler
988,DarrenSchuettler
989,DarrenSchuettler
990,DarrenSchuettler
991,DarrenSchuettler
992,DarrenSchuettler
993,DarrenSchuettler
994,DarrenSchuettler
995,DarrenSchuettler
996,DarrenSchuettler
997,DarrenSchuettler
998,DarrenSchuettler
999,DarrenSchuettler
1000,DarrenSchuettler
1001,DarrenSchuettler
1002,DarrenSchuettler
1003,DarrenSchuettler
1004,DarrenSchuettler
1005,DarrenSchuettler
1006,DarrenSchuettler
1007,DarrenSchuettler
1008,DarrenSchuettler
1009,DarrenSchuettler
1010,DarrenSchuettler
1011,DarrenSchuettler
1012,DarrenSchuettler
1013,DarrenSchuettler
1014,DarrenSchuettler
1015,DarrenSchuettler
1016,DarrenSchuettler
1017,DarrenSchuettler
1018,DarrenSchuettler
1019,DarrenSchuettler
1020,DarrenSchuettler
1021,DarrenSchuettler
1022,DarrenSchuettler
1023,DarrenSchuettler
1024,DarrenSchuettler
1025,DarrenSchuettler
1026,DarrenSchuettler
1027,DarrenSchuettler
1028,DarrenSchuettler
1029,DarrenSchuettler
1030,DarrenSchuettler
1031,DarrenSchuettler
1032,DarrenSchuettler
1033,DarrenSchuettler
1034,DarrenSchuettler
1035,DarrenSchuettler
1036,DarrenSchuettler
1037,DarrenSchuettler
1038,DarrenSchuettler
1039,DarrenSchuettler
1040,DarrenSchuettler
1041,DarrenSchuettler
1042,DarrenSchuettler
1043,DarrenSchuettler
1044,DarrenSchuettler
1045,DarrenSchuettler
1046,DarrenSchuettler
1047,DarrenSchuettler
1048,DarrenSchuettler
1049,DarrenSchuettler
1050,DarrenSchuettler
1051,DarrenSchuettler
1052,DarrenSchuettler
1053,DarrenSchuettler
1054,DarrenSchuettler
1055,DarrenSchuettler
1056,DarrenSchuettler
1057,DarrenSchuettler
1058,DarrenSchuettler
1059,DarrenSchuettler
1060,DarrenSchuettler
1061,DarrenSchuettler
1062,DarrenSchuettler
1063,DarrenSchuettler
1064,DarrenSchuettler
1065,DarrenSchuettler
1066,DarrenSchuettler
1067,DarrenSchuettler
1068,DarrenSchuettler
1069,DarrenSchuettler
1070,DarrenSchuettler
1071,DarrenSchuettler
1072,DarrenSchuettler
1073,DarrenSchuettler
1074,DarrenSchuettler
1075,DarrenSchuettler
1076,DarrenSchuettler
1077,DarrenSchuettler
1078,DarrenSchuettler
1079,DarrenSchuettler
1080,DarrenSchuettler
1081,DarrenSchuettler
1082,DarrenSchuettler
1083,DarrenSchuettler
1084,DarrenSchuettler
1085,DarrenSchuettler
1086,DarrenSchuettler
1087,DarrenSchuettler
1088,DarrenSchuettler
1089,DarrenSchuettler
1090,DarrenSchuettler
1091,DarrenSchuettler
1092,DarrenSchuettler
1093,DarrenSchuettler
1094,DarrenSchuettler
1095,DarrenSchuettler
1096,DarrenSchuettler
1097,DarrenSchuettler
1098,DarrenSchuettler
1099,DarrenSchuettler
1100,DarrenSchuettler
1101,DarrenSchuettler
1102,DarrenSchuettler
1103,DarrenSchuettler
1104,DarrenSchuettler
1105,DarrenSchuettler
1106,DarrenSchuettler
1107,DarrenSchuettler
1108,DarrenSchuettler
1109,DarrenSchuettler
1110,DarrenSchuettler
1111,DarrenSchuettler
1112,DarrenSchuettler
1113,DarrenSchuettler
1114,DarrenSchuettler
1115,DarrenSchuettler
1116,DarrenSchuettler
1117,DarrenSchuettler
1118,DarrenSchuettler
1119,DarrenSchuettler
1120,DarrenSchuettler
1121,DarrenSchuettler
1122,DarrenSchuettler
1123,DarrenSchuettler
1124,DarrenSchuettler
1125,DarrenSchuettler
1126,DarrenSchuettler
1127,DarrenSchuettler
1128,DarrenSchuettler
1129,DarrenSchuettler
1130,DarrenSchuettler
1131,DarrenSchuettler
1132,DarrenSchuettler
1133,DarrenSchuettler
1134,DarrenSchuettler
1135,DarrenSchuettler
1136,DarrenSchuettler
1137,DarrenSchuettler
1138,DarrenSchuettler
1139,DarrenSchuettler
1140,DarrenSchuettler
1141,DarrenSchuettler
1142,DarrenSchuettler
1143,DarrenSchuettler
1144,DarrenSchuettler
1145,DarrenSchuettler
1146,DarrenSchuettler
1147,DarrenSchuettler
1148,DarrenSchuettler
1149,DarrenSchuettler
1150,DarrenSchuettler
1151,DarrenSchuettler
1152,DarrenSchuettler
1153,DarrenSchuettler
1154,DarrenSchuettler
1155,DarrenSchuettler
1156,DarrenSchuettler
1157,DarrenSchuettler
1158,DarrenSchuettler
1159,DarrenSchuettler
1160,DarrenSchuettler
1161,DarrenSchuettler
1162,DarrenSchuettler
1163,DarrenSchuettler
1164,DarrenSchuettler
1165,DarrenSchuettler
1166,DarrenSchuettler
1167,DarrenSchuettler
1168,DarrenSchuettler
1169,DarrenSchuettler
1170,DarrenSchuettler
1171,DarrenSchuettler
1172,DarrenSchuettler
1173,DarrenSchuettler
1174,DarrenSchuettler
1175,DarrenSchuettler
1176,DarrenSchuettler
1177,DarrenSchuettler
1178,DarrenSchuettler
1179,DarrenSchuettler
1180,DarrenSchuettler
1181,DarrenSchuettler
1182,DarrenSchuettler
1183,DarrenSchuettler
1184,DarrenSchuettler
1185,DarrenSchuettler
1186,DarrenSchuettler
1187,DarrenSchuettler
1188,DarrenSchuettler
1189,DarrenSchuettler
1190,DarrenSchuettler
1191,DarrenSchuettler
1192,DarrenSchuettler
1193,DarrenSchuettler
1194,DarrenSchuettler
1195,DarrenSchuettler
1196,DarrenSchuettler
1197,DarrenSchuettler
1198,DarrenSchuettler
1199,DarrenSchuettler
1200,DarrenSchuettler
1201,DarrenSchuettler
1202,DarrenSchuettler
1203,DarrenSchuettler
1204,DarrenSchuettler
1205,DarrenSchuettler
1206,DarrenSchuettler
1207,DarrenSchuettler
1208,DarrenSchuettler
1209,DarrenSchuettler
1210,DarrenSchuettler
1211,DarrenSchuettler
1212,DarrenSchuettler
1213,DarrenSchuettler
1214,DarrenSchuettler
1215,DarrenSchuettler
1216,DarrenSchuettler
1217,DarrenSchuettler
1218,DarrenSchuettler
1219,DarrenSchuettler
1220,DarrenSchuettler
1221,DarrenSchuettler
1222,DarrenSchuettler
1223,DarrenSchuettler
1224,DarrenSchuettler
1225,DarrenSchuettler
1226,DarrenSchuettler
1227,DarrenSchuettler
1228,DarrenSchuettler
1229,DarrenSchuettler
1230,DarrenSchuettler
1231,DarrenSchuettler
1232,DarrenSchuettler
1233,DarrenSchuettler
1234,DarrenSchuettler
1235,DarrenSchuettler
1236,DarrenSchuettler
1237,DarrenSchuettler
1238,DarrenSchuettler
1239,DarrenSchuettler
1240,DarrenSchuettler
1241,DarrenSchuettler
1242,DarrenSchuettler
1243,DarrenSchuettler
1244,DarrenSchuettler
1245,DarrenSchuettler
1246,DarrenSchuettler
1247,DarrenSchuettler
1248,DarrenSchuettler
1249,DarrenSchuettler
1250,DarrenSchuettler
1251,DarrenSchuettler
1252,DarrenSchuettler
1253,DarrenSchuettler
1254,DarrenSchuettler
1255,DarrenSchuettler
1256,DarrenSchuettler
1257,DarrenSchuettler
1258,DarrenSchuettler
1259,DarrenSchuettler
1260,DarrenSchuettler
1261,DarrenSchuettler
1262,DarrenSchuettler
1263,DarrenSchuettler
1264,DarrenSchuettler
1265,DarrenSchuettler
1266,DarrenSchuettler
1267,DarrenSchuettler
1268,DarrenSchuettler
1269,DarrenSchuettler
1270,DarrenSchuettler
1271,DarrenSchuettler
1272,DarrenSchuettler
1273,DarrenSchuettler
1274,DarrenSchuettler
1275,DarrenSchuettler
1276,DarrenSchuettler
1277,DarrenSchuettler
1278,DarrenSchuettler
1279,DarrenSchuettler
1280,DarrenSchuettler
1281,DarrenSchuettler
1282,DarrenSchuettler
1283,DarrenSchuettler
1284,DarrenSchuettler
1285,DarrenSchuettler
1286,DarrenSchuettler
1287,DarrenSchuettler
1288,DarrenSchuettler
1289,DarrenSchuettler
1290,DarrenSchuettler
1291,DarrenSchuettler
1292,DarrenSchuettler
1293,DarrenSchuettler
1294,DarrenSchuettler
1295,DarrenSchuettler
1296,DarrenSchuettler
1297,DarrenSchuettler
1298,DarrenSchuettler
1299,DarrenSchuettler
1300,DarrenSchuettler
1301,DarrenSchuettler
1302,DarrenSchuettler
1303,DarrenSchuettler
1304,DarrenSchuettler
1305,DarrenSchuettler
1306,DarrenSchuettler
1307,DarrenSchuettler
1308,DarrenSchuettler
1309,DarrenSchuettler
1310,DarrenSchuettler
1311,DarrenSchuettler
1312,DarrenSchuettler
1313,DarrenSchuettler
1314,DarrenSchuettler
1315,DarrenSchuettler
1316,DarrenSchuettler
1317,DarrenSchuettler
1318,DarrenSchuettler
1319,DarrenSchuettler
1320,DarrenSchuettler
1321,DarrenSchuettler
1322,DarrenSchuettler
1323,DarrenSchuettler
1324,DarrenSchuettler
1325,DarrenSchuettler
1326,DarrenSchuettler
1327,DarrenSchuettler
1328,DarrenSchuettler
1329,DarrenSchuettler
1330,DarrenSchuettler
1331,DarrenSchuettler
1332,DarrenSchuettler
1333,DarrenSchuettler
1334,DarrenSchuettler
1335,DarrenSchuettler
1336,DarrenSchuettler
1337,DarrenSchuettler
1338,DarrenSchuettler
1339,DarrenSchuettler
1340,DarrenSchuettler
1341,DarrenSchuettler
1342,DarrenSchuettler
1343,DarrenSchuettler
1344,DarrenSchuettler
1345,DarrenSchuettler
1346,DarrenSchuettler
1347,DarrenSchuettler
1348,DarrenSchuettler
1349,DarrenSchuettler
1350,DarrenSchuettler
1351,DarrenSchuettler
1352,DarrenSchuettler
1353,DarrenSchuettler
1354,DarrenSchuettler
1355,DarrenSchuettler
1356,DarrenSchuettler
1357,DarrenSchuettler
1358,DarrenSchuettler
1359,DarrenSchuettler
1360,DarrenSchuettler
1361,DarrenSchuettler
1362,DarrenSchuettler
1363,DarrenSchuettler
1364,DarrenSchuettler
1365,DarrenSchuettler
1366,DarrenSchuettler
1367,DarrenSchuettler
1368,DarrenSchuettler
1369,DarrenSchuettler
1370,DarrenSchuettler
1371,DarrenSchuettler
1372,DarrenSchuettler
1373,DarrenSchuettler
1374,DarrenSchuettler
1375,DarrenSchuettler
1376,DarrenSchuettler
1377,DarrenSchuettler
1378,DarrenSchuettler
1379,DarrenSchuettler
1380,DarrenSchuettler
1381,DarrenSchuettler
1382,DarrenSchuettler
1383,DarrenSchuettler
1384,DarrenSchuettler
1385,DarrenSchuettler
1386,DarrenSchuettler
1387,DarrenSchuettler
1388,DarrenSchuettler
1389,DarrenSchuettler
1390,DarrenSchuettler
1391,DarrenSchuettler
1392,DarrenSchuettler
1393,DarrenSchuettler
1394,DarrenSchuettler
1395,DarrenSchuettler
1396,DarrenSchuettler
1397,DarrenSchuettler
1398,DarrenSchuettler
1399,DarrenSchuettler
1400,DarrenSchuettler
1401,DarrenSchuettler
1402,DarrenSchuettler
1403,DarrenSchuettler
1404,DarrenSchuettler
1405,DarrenSchuettler
1406,DarrenSchuettler
1407,DarrenSchuettler
1408,DarrenSchuettler
1409,DarrenSchuettler
1410,DarrenSchuettler
1411,DarrenSchuettler
1412,DarrenSchuettler
1413,DarrenSchuettler
1414,DarrenSchuettler
1415,DarrenSchuettler
1416,DarrenSchuettler
1417,DarrenSchuettler
1418,DarrenSchuettler
1419,DarrenSchuettler
1420,DarrenSchuettler
1421,DarrenSchuettler
1422,DarrenSchuettler
1423,DarrenSchuettler
1424,DarrenSchuettler
1425,DarrenSchuettler
1426,DarrenSchuettler
1427,DarrenSchuettler
1428,DarrenSchuettler
1429,DarrenSchuettler
1430,DarrenSchuettler
1431,DarrenSchuettler
1432,DarrenSchuettler
1433,DarrenSchuettler
1434,DarrenSchuettler
1435,DarrenSchuettler
1436,DarrenSchuettler
1437,DarrenSchuettler
1438,DarrenSchuettler
1439,DarrenSchuettler
1440,DarrenSchuettler
1441,DarrenSchuettler
1442,DarrenSchuettler
1443,DarrenSchuettler
1444,DarrenSchuettler
1445,DarrenSchuettler
1446,DarrenSchuettler
1447,DarrenSchuettler
1448,DarrenSchuettler
1449,DarrenSchuettler
1450,DarrenSchuettler
1451,DarrenSchuettler
1452,DarrenSchuettler
1453,DarrenSchuettler
1454,DarrenSchuettler
1455,DarrenSchuettler
1456,DarrenSchuettler
1457,DarrenSchuettler
1458,DarrenSchuettler
1459,DarrenSchuettler
1460,DarrenSchuettler
1461,DarrenSchuettler
1462,DarrenSchuettler
1463,DarrenSchuettler
1464,DarrenSchuettler
1465,DarrenSchuettler
1466,DarrenSchuettler
1467,DarrenSchuettler
1468,DarrenSchuettler
1469,DarrenSchuettler
1470,DarrenSchuettler
1471,DarrenSchuettler
1472,DarrenSchuettler
1473,DarrenSchuettler
1474,DarrenSchuettler
1475,DarrenSchuettler
1476,DarrenSchuettler
1477,DarrenSchuettler
1478,DarrenSchuettler
1479,DarrenSchuettler
1480,DarrenSchuettler
1481,DarrenSchuettler
1482,DarrenSchuettler
1483,DarrenSchuettler
1484,DarrenSchuettler
1485,DarrenSchuettler
1486,DarrenSchuettler
1487,DarrenSchuettler
1488,DarrenSchuettler
1489,DarrenSchuettler
1490,DarrenSchuettler
1491,DarrenSchuettler
1492,DarrenSchuettler
1493,DarrenSchuettler
1494,DarrenSchuettler
1495,DarrenSchuettler
1496,DarrenSchuettler
1497,DarrenSchuettler
1498,DarrenSchuettler
1499,DarrenSchuettler
1500,DarrenSchuettler
1501,DarrenSchuettler
1502,DarrenSchuettler
1503,DarrenSchuettler
1504,DarrenSchuettler
1505,DarrenSchuettler
1506,DarrenSchuettler
1507,DarrenSchuettler
1508,DarrenSchuettler
1509,DarrenSchuettler
1510,DarrenSchuettler
1511,DarrenSchuettler
1512,DarrenSchuettler
1513,DarrenSchuettler
1514,DarrenSchuettler
1515,DarrenSchuettler
1516,DarrenSchuettler
1517,DarrenSchuettler
1518,DarrenSchuettler
1519,DarrenSchuettler
1520,DarrenSchuettler
1521,DarrenSchuettler
1522,DarrenSchuettler
1523,DarrenSchuettler
1524,DarrenSchuettler
1525,DarrenSchuettler
1526,DarrenSchuettler
1527,DarrenSchuettler
1528,DarrenSchuettler
1529,DarrenSchuettler
1530,DarrenSchuettler
1531,DarrenSchuettler
1532,DarrenSchuettler
1533,DarrenSchuettler
1534,DarrenSchuettler
1535,DarrenSchuettler
1536,DarrenSchuettler
1537,DarrenSchuettler
1538,DarrenSchuettler
1539,DarrenSchuettler
1540,DarrenSchuettler
1541,DarrenSchuettler
1542,DarrenSchuettler
1543,DarrenSchuettler
1544,DarrenSchuettler
1545,DarrenSchuettler
1546,DarrenSchuettler
1547,DarrenSchuettler
1548,DarrenSchuettler
1549,DarrenSchuettler
1550,DarrenSchuettler
1551,DarrenSchuettler
1552,DarrenSchuettler
1553,DarrenSchuettler
1554,DarrenSchuettler
1555,DarrenSchuettler
1556,DarrenSchuettler
1557,DarrenSchuettler
1558,DarrenSchuettler
1559,DarrenSchuettler
1560,DarrenSchuettler
1561,DarrenSchuettler
1562,DarrenSchuettler
1563,DarrenSchuettler
1564,DarrenSchuettler
1565,DarrenSchuettler
1566,DarrenSchuettler
1567,DarrenSchuettler
1568,DarrenSchuettler
1569,DarrenSchuettler
1570,DarrenSchuettler
1571,DarrenSchuettler
1572,DarrenSchuettler
1573,DarrenSchuettler
1574,DarrenSchuettler
1575,DarrenSchuettler
1576,DarrenSchuettler
1577,DarrenSchuettler
1578,DarrenSchuettler
1579,DarrenSchuettler
1580,DarrenSchuettler
1581,DarrenSchuettler
1582,DarrenSchuettler
1583,DarrenSchuettler
1584,DarrenSchuettler
1585,DarrenSchuettler
1586,DarrenSchuettler
1587,DarrenSchuettler
1588,DarrenSchuettler
1589,DarrenSchuettler
1590,DarrenSchuettler
1591,DarrenSchuettler
1592,DarrenSchuettler
1593,DarrenSchuettler
1594,DarrenSchuettler
1595,DarrenSchuettler
1596,DarrenSchuettler
1597,DarrenSchuettler
1598,DarrenSchuettler
1599,DarrenSchuettler
1600,DarrenSchuettler
1601,DarrenSchuettler
1602,DarrenSchuettler
1603,DarrenSchuettler
1604,DarrenSchuettler
1605,DarrenSchuettler
1606,DarrenSchuettler
1607,DarrenSchuettler
1608,DarrenSchuettler
1609,DarrenSchuettler
1610,DarrenSchuettler
1611,DarrenSchuettler
1612,DarrenSchuettler
1613,DarrenSchuettler
1614,DarrenSchuettler
1615,DarrenSchuettler
1616,DarrenSchuettler
1617,DarrenSchuettler
1618,DarrenSchuettler
1619,DarrenSchuettler
1620,DarrenSchuettler
1621,DarrenSchuettler
1622,DarrenSchuettler
1623,DarrenSchuettler
1624,DarrenSchuettler
1625,DarrenSchuettler
1626,DarrenSchuettler
1627,DarrenSchuettler
1628,DarrenSchuettler
1629,DarrenSchuettler
1630,DarrenSchuettler
1631,DarrenSchuettler
1632,DarrenSchuettler
1633,DarrenSchuettler
1634,DarrenSchuettler
1635,DarrenSchuettler
1636,DarrenSchuettler
1637,DarrenSchuettler
1638,DarrenSchuettler
1639,DarrenSchuettler
1640,DarrenSchuettler
1641,DarrenSchuettler
1642,DarrenSchuettler
1643,DarrenSchuettler
1644,DarrenSchuettler
1645,DarrenSchuettler
1646,DarrenSchuettler
1647,DarrenSchuettler
1648,DarrenSchuettler
1649,DarrenSchuettler
1650,DarrenSchuettler
1651,DarrenSchuettler
1652,DarrenSchuettler
1653,DarrenSchuettler
1654,DarrenSchuettler
1655,DarrenSchuettler
1656,DarrenSchuettler
1657,DarrenSchuettler
1658,DarrenSchuettler
1659,DarrenSchuettler
1660,DarrenSchuettler
1661,DarrenSchuettler
1662,DarrenSchuettler
1663,DarrenSchuettler
1664,DarrenSchuettler
1665,DarrenSchuettler
1666,DarrenSchuettler
1667,DarrenSchuettler
1668,DarrenSchuettler
1669,DarrenSchuettler
1670,DarrenSchuettler
1671,DarrenSchuettler
1672,DarrenSchuettler
1673,DarrenSchuettler
1674,DarrenSchuettler
1675,DarrenSchuettler
1676,DarrenSchuettler
1677,DarrenSchuettler
1678,DarrenSchuettler
1679,DarrenSchuettler
1680,DarrenSchuettler
1681,DarrenSchuettler
1682,DarrenSchuettler
1683,DarrenSchuettler
1684,DarrenSchuettler
1685,DarrenSchuettler
1686,DarrenSchuettler
1687,DarrenSchuettler
1688,DarrenSchuettler
1689,DarrenSchuettler
1690,DarrenSchuettler
1691,DarrenSchuettler
1692,DarrenSchuettler
1693,DarrenSchuettler
1694,DarrenSchuettler
1695,DarrenSchuettler
1696,DarrenSchuettler
1697,DarrenSchuettler
1698,DarrenSchuettler
1699,DarrenSchuettler
1700,DarrenSchuettler
1701,DarrenSchuettler
1702,DarrenSchuettler
1703,DarrenSchuettler
1704,DarrenSchuettler
1705,DarrenSchuettler
1706,DarrenSchuettler
1707,DarrenSchuettler
1708,DarrenSchuettler
1709,DarrenSchuettler
1710,DarrenSchuettler
1711,DarrenSchuettler
1712,DarrenSchuettler
1713,DarrenSchuettler
1714,DarrenSchuettler
1715,DarrenSchuettler
1716,DarrenSchuettler
1717,DarrenSchuettler
1718,DarrenSchuettler
1719,DarrenSchuettler
1720,DarrenSchuettler
1721,DarrenSchuettler
1722,DarrenSchuettler
1723,DarrenSchuettler
1724,DarrenSchuettler
1725,DarrenSchuettler
1726,DarrenSchuettler
1727,DarrenSchuettler
1728,DarrenSchuettler
1729,DarrenSchuettler
1730,DarrenSchuettler
1731,DarrenSchuettler
1732,DarrenSchuettler
1733,DarrenSchuettler
1734,DarrenSchuettler
1735,DarrenSchuettler
1736,DarrenSchuettler
1737,DarrenSchuettler
1738,DarrenSchuettler
1739,DarrenSchuettler
1740,DarrenSchuettler
1741,DarrenSchuettler
1742,DarrenSchuettler
1743,DarrenSchuettler
1744,DarrenSchuettler
1745,DarrenSchuettler
1746,DarrenSchuettler
1747,DarrenSchuettler
1748,DarrenSchuettler
1749,DarrenSchuettler
1750,DarrenSchuettler
1751,DarrenSchuettler
1752,DarrenSchuettler
1753,DarrenSchuettler
1754,DarrenSchuettler
1755,DarrenSchuettler
1756,DarrenSchuettler
1757,DarrenSchuettler
1758,DarrenSchuettler
1759,DarrenSchuettler
1760,DarrenSchuettler
1761,DarrenSchuettler
1762,DarrenSchuettler
1763,DarrenSchuettler
1764,DarrenSchuettler
1765,DarrenSchuettler
1766,DarrenSchuettler
1767,DarrenSchuettler
1768,DarrenSchuettler
1769,DarrenSchuettler
1770,DarrenSchuettler
1771,DarrenSchuettler
1772,DarrenSchuettler
1773,DarrenSchuettler
1774,DarrenSchuettler
1775,DarrenSchuettler
1776,DarrenSchuettler
1777,DarrenSchuettler
1778,DarrenSchuettler
1779,DarrenSchuettler
1780,DarrenSchuettler
1781,DarrenSchuettler
1782,DarrenSchuettler
1783,DarrenSchuettler
1784,DarrenSchuettler
1785,DarrenSchuettler
1786,DarrenSchuettler
1787,DarrenSchuettler
1788,DarrenSchuettler
1789,DarrenSchuettler
1790,DarrenSchuettler
1791,DarrenSchuettler
1792,DarrenSchuettler
1793,DarrenSchuettler
1794,DarrenSchuettler
1795,DarrenSchuettler
1796,DarrenSchuettler
1797,DarrenSchuettler
1798,DarrenSchuettler
1799,DarrenSchuettler
1800,DarrenSchuettler
1801,DarrenSchuettler
1802,DarrenSchuettler
1803,DarrenSchuettler
1804,DarrenSchuettler
1805,DarrenSchuettler
1806,DarrenSchuettler
1807,DarrenSchuettler
1808,DarrenSchuettler
1809,DarrenSchuettler
1810,DarrenSchuettler
1811,DarrenSchuettler
1812,DarrenSchuettler
1813,DarrenSchuettler
1814,DarrenSchuettler
1815,DarrenSchuettler
1816,DarrenSchuettler
1817,DarrenSchuettler
1818,DarrenSchuettler
1819,DarrenSchuettler
1820,DarrenSchuettler
1821,DarrenSchuettler
1822,DarrenSchuettler
1823,DarrenSchuettler
1824,DarrenSchuettler
1825,DarrenSchuettler
1826,DarrenSchuettler
1827,DarrenSchuettler
1828,DarrenSchuettler
1829,DarrenSchuettler
1830,DarrenSchuettler
1831,DarrenSchuettler
1832,DarrenSchuettler
1833,DarrenSchuettler
1834,DarrenSchuettler
1835,DarrenSchuettler
1836,DarrenSchuettler
1837,DarrenSchuettler
1838,DarrenSchuettler
1839,DarrenSchuettler
1840,DarrenSchuettler
1841,DarrenSchuettler
1842,DarrenSchuettler
1843,DarrenSchuettler
1844,DarrenSchuettler
1845,DarrenSchuettler
1846,DarrenSchuettler
1847,DarrenSchuettler
1848,DarrenSchuettler
1849,DarrenSchuettler
1850,DarrenSchuettler
1851,DarrenSchuettler
1852,DarrenSchuettler
1853,DarrenSchuettler
1854,DarrenSchuettler
1855,DarrenSchuettler
1856,DarrenSchuettler
1857,DarrenSchuettler
1858,DarrenSchuettler
1859,DarrenSchuettler
1860,DarrenSchuettler
1861,DarrenSchuettler
1862,DarrenSchuettler
1863,DarrenSchuettler
1864,DarrenSchuettler
1865,DarrenSchuettler
1866,DarrenSchuettler
1867,DarrenSchuettler
1868,DarrenSchuettler
1869,DarrenSchuettler
1870,DarrenSchuettler
1871,DarrenSchuettler
1872,DarrenSchuettler
1873,DarrenSchuettler
1874,DarrenSchuettler
1875,DarrenSchuettler
1876,DarrenSchuettler
1877,DarrenSchuettler
1878,DarrenSchuettler
1879,DarrenSchuettler
1880,DarrenSchuettler
1881,DarrenSchuettler
1882,DarrenSchuettler
1883,DarrenSchuettler
1884,DarrenSchuettler
1885,DarrenSchuettler
1886,DarrenSchuettler
1887,DarrenSchuettler
1888,DarrenSchuettler
1889,DarrenSchuettler
1890,DarrenSchuettler
1891,DarrenSchuettler
1892,DarrenSchuettler
1893,DarrenSchuettler
1894,DarrenSchuettler
1895,DarrenSchuettler
1896,DarrenSchuettler
1897,DarrenSchuettler
1898,DarrenSchuettler
1899,DarrenSchuettler
1900,DarrenSchuettler
1901,DarrenSchuettler
1902,DarrenSchuettler
1903,DarrenSchuettler
1904,DarrenSchuettler
1905,DarrenSchuettler
1906,DarrenSchuettler
1907,DarrenSchuettler
1908,DarrenSchuettler
1909,DarrenSchuettler
1910,DarrenSchuettler
1911,DarrenSchuettler
1912,DarrenSchuettler
1913,DarrenSchuettler
1914,DarrenSchuettler
1915,DarrenSchuettler
1916,DarrenSchuettler
1917,DarrenSchuettler
1918,DarrenSchuettler
1919,DarrenSchuettler
1920,DarrenSchuettler
1921,DarrenSchuettler
1922,DarrenSchuettler
1923,DarrenSchuettler
1924,DarrenSchuettler
1925,DarrenSchuettler
1926,DarrenSchuettler
1927,DarrenSchuettler
1928,DarrenSchuettler
1929,DarrenSchuettler
1930,DarrenSchuettler
1931,DarrenSchuettler
1932,DarrenSchuettler
1933,DarrenSchuettler
1934,DarrenSchuettler
1935,DarrenSchuettler
1936,DarrenSchuettler
1937,DarrenSchuettler
1938,DarrenSchuettler
1939,DarrenSchuettler
1940,DarrenSchuettler
1941,DarrenSchuettler
1942,DarrenSchuettler
1943,DarrenSchuettler
1944,DarrenSchuettler
1945,DarrenSchuettler
1946,DarrenSchuettler
1947,DarrenSchuettler
1948,DarrenSchuettler
1949,DarrenSchuettler
1950,DarrenSchuettler
1951,DarrenSchuettler
1952,DarrenSchuettler
1953,DarrenSchuettler
1954,DarrenSchuettler
1955,DarrenSchuettler
1956,DarrenSchuettler
1957,DarrenSchuettler
1958,DarrenSchuettler
1959,DarrenSchuettler
1960,DarrenSchuettler
1961,DarrenSchuettler
1962,DarrenSchuettler
1963,DarrenSchuettler
1964,DarrenSchuettler
1965,DarrenSchuettler
1966,DarrenSchuettler
1967,DarrenSchuettler
1968,DarrenSchuettler
1969,DarrenSchuettler
1970,DarrenSchuettler
1971,DarrenSchuettler
1972,DarrenSchuettler
1973,DarrenSchuettler
1974,DarrenSchuettler
1975,DarrenSchuettler
1976,DarrenSchuettler
1977,DarrenSchuettler
1978,DarrenSchuettler
1979,DarrenSchuettler
1980,DarrenSchuettler
1981,DarrenSchuettler
1982,DarrenSchuettler
1983,DarrenSchuettler
1984,DarrenSchuettler
1985,DarrenSchuettler
1986,DarrenSchuettler
1987,DarrenSchuettler
1988,DarrenSchuettler
1989,DarrenSchuettler
1990,DarrenSchuettler
1991,DarrenSchuettler
1992,DarrenSchuettler
1993,DarrenSchuettler
1994,DarrenSchuettler
1995,DarrenSchuettler
1996,DarrenSchuettler
1997,DarrenSchuettler
1998,DarrenSchuettler
1999,DarrenSchuettler
2000,DarrenSchuettler
2001,DarrenSchuettler
2002,DarrenSchuettler
2003,DarrenSchuettler
2004,DarrenSchuettler
2005,DarrenSchuettler
2006,DarrenSchuettler
2007,DarrenSchuettler
2008,DarrenSchuettler
2009,DarrenSchuettler
2010,DarrenSchuettler
2011,DarrenSchuettler
2012,DarrenSchuettler
2013,DarrenSchuettler
2014,DarrenSchuettler
2015,DarrenSchuettler
2016,DarrenSchuettler
2017,DarrenSchuettler
2018,DarrenSchuettler
2019,DarrenSchuettler
2020,DarrenSchuettler
2021,DarrenSchuettler
2022,DarrenSchuettler
2023,DarrenSchuettler
2024,DarrenSchuettler
2025,DarrenSchuettler
2026,DarrenSchuettler
2027,DarrenSchuettler
2028,DarrenSchuettler
2029,DarrenSchuettler
2030,DarrenSchuettler
2031,DarrenSchuettler
2032,DarrenSchuettler
2033,DarrenSchuettler
2034,DarrenSchuettler
2035,DarrenSchuettler
2036,DarrenSchuettler
2037,DarrenSchuettler
2038,DarrenSchuettler
2039,DarrenSchuettler
2040,DarrenSchuettler
2041,DarrenSchuettler
2042,DarrenSchuettler
2043,DarrenSchuettler
2044,DarrenSchuettler
2045,DarrenSchuettler
2046,DarrenSchuettler
2047,DarrenSchuettler
2048,DarrenSchuettler
2049,DarrenSchuettler
2050,DarrenSchuettler
2051,DarrenSchuettler
2052,DarrenSchuettler
2053,DarrenSchuettler
2054,DarrenSchuettler
2055,DarrenSchuettler
2056,DarrenSchuettler
2057,DarrenSchuettler
2058,DarrenSchuettler
2059,DarrenSchuettler
2060,DarrenSchuettler
2061,DarrenSchuettler
2062,DarrenSchuettler
2063,DarrenSchuettler
2064,DarrenSchuettler
2065,DarrenSchuettler
2066,DarrenSchuettler
2067,DarrenSchuettler
2068,DarrenSchuettler
2069,DarrenSchuettler
2070,DarrenSchuettler
2071,DarrenSchuettler
2072,DarrenSchuettler
2073,DarrenSchuettler
2074,DarrenSchuettler
2075,DarrenSchuettler
2076,DarrenSchuettler
2077,DarrenSchuettler
2078,DarrenSchuettler
2079,DarrenSchuettler
2080,DarrenSchuettler
2081,DarrenSchuettler
2082,DarrenSchuettler
2083,DarrenSchuettler
2084,DarrenSchuettler
2085,DarrenSchuettler
2086,DarrenSchuettler
2087,DarrenSchuettler
2088,DarrenSchuettler
2089,DarrenSchuettler
2090,DarrenSchuettler
2091,DarrenSchuettler
2092,DarrenSchuettler
2093,DarrenSchuettler
2094,DarrenSchuettler
2095,DarrenSchuettler
2096,DarrenSchuettler
2097,DarrenSchuettler
2098,DarrenSchuettler
2099,DarrenSchuettler
2100,DarrenSchuettler
2101,DarrenSchuettler
2102,DarrenSchuettler
2103,DarrenSchuettler
2104,DarrenSchuettler
2105,DarrenSchuettler
2106,DarrenSchuettler
2107,DarrenSchuettler
2108,DarrenSchuettler
2109,DarrenSchuettler
2110,DarrenSchuettler
2111,DarrenSchuettler
2112,DarrenSchuettler
2113,DarrenSchuettler
2114,DarrenSchuettler
2115,DarrenSchuettler
2116,DarrenSchuettler
2117,DarrenSchuettler
2118,DarrenSchuettler
2119,DarrenSchuettler
2120,DarrenSchuettler
2121,DarrenSchuettler
2122,DarrenSchuettler
2123,DarrenSchuettler
2124,DarrenSchuettler
2125,DarrenSchuettler
2126,DarrenSchuettler
2127,DarrenSchuettler
2128,DarrenSchuettler
2129,DarrenSchuettler
2130,DarrenSchuettler
2131,DarrenSchuettler
2132,DarrenSchuettler
2133,DarrenSchuettler
2134,DarrenSchuettler
2135,DarrenSchuettler
2136,DarrenSchuettler
2137,DarrenSchuettler
2138,DarrenSchuettler
2139,DarrenSchuettler
2140,DarrenSchuettler
2141,DarrenSchuettler
2142,DarrenSchuettler
2143,DarrenSchuettler
2144,DarrenSchuettler
2145,DarrenSchuettler
2146,DarrenSchuettler
2147,DarrenSchuettler
2148,DarrenSchuettler
2149,DarrenSchuettler
2150,DarrenSchuettler
2151,DarrenSchuettler
2152,DarrenSchuettler
2153,DarrenSchuettler
2154,DarrenSchuettler
2155,DarrenSchuettler
2156,DarrenSchuettler
2157,DarrenSchuettler
2158,DarrenSchuettler
2159,DarrenSchuettler
2160,DarrenSchuettler
2161,DarrenSchuettler
2162,DarrenSchuettler
2163,DarrenSchuettler
2164,DarrenSchuettler
2165,DarrenSchuettler
2166,DarrenSchuettler
2167,DarrenSchuettler
2168,DarrenSchuettler
2169,DarrenSchuettler
2170,DarrenSchuettler
2171,DarrenSchuettler
2172,DarrenSchuettler
2173,DarrenSchuettler
2174,DarrenSchuettler
2175,DarrenSchuettler
2176,DarrenSchuettler
2177,DarrenSchuettler
2178,DarrenSchuettler
2179,DarrenSchuettler
2180,DarrenSchuettler
2181,DarrenSchuettler
2182,DarrenSchuettler
2183,DarrenSchuettler
2184,DarrenSchuettler
2185,DarrenSchuettler
2186,DarrenSchuettler
2187,DarrenSchuettler
2188,DarrenSchuettler
2189,DarrenSchuettler
2190,DarrenSchuettler
2191,DarrenSchuettler
2192,DarrenSchuettler
2193,DarrenSchuettler
2194,DarrenSchuettler
2195,DarrenSchuettler
2196,DarrenSchuettler
2197,DarrenSchuettler
2198,DarrenSchuettler
2199,DarrenSchuettler
2200,DarrenSchuettler
2201,DarrenSchuettler
2202,DarrenSchuettler
2203,DarrenSchuettler
2204,DarrenSchuettler
2205,DarrenSchuettler
2206,DarrenSchuettler
2207,DarrenSchuettler
2208,DarrenSchuettler
2209,DarrenSchuettler
2210,DarrenSchuettler
2211,DarrenSchuettler
2212,DarrenSchuettler
2213,DarrenSchuettler
2214,DarrenSchuettler
2215,DarrenSchuettler
2216,DarrenSchuettler
2217,DarrenSchuettler
2218,DarrenSchuettler
2219,DarrenSchuettler
2220,DarrenSchuettler
2221,DarrenSchuettler
2222,DarrenSchuettler
2223,DarrenSchuettler
2224,DarrenSchuettler
2225,DarrenSchuettler
2226,DarrenSchuettler
2227,DarrenSchuettler
2228,DarrenSchuettler
2229,DarrenSchuettler
2230,DarrenSchuettler
2231,DarrenSchuettler
2232,DarrenSchuettler
2233,DarrenSchuettler
2234,DarrenSchuettler
2235,DarrenSchuettler
2236,DarrenSchuettler
2237,DarrenSchuettler
2238,DarrenSchuettler
2239,DarrenSchuettler
2240,DarrenSchuettler
2241,DarrenSchuettler
2242,DarrenSchuettler
2243,DarrenSchuettler
2244,DarrenSchuettler
2245,DarrenSchuettler
2246,DarrenSchuettler
2247,DarrenSchuettler
2248,DarrenSchuettler
2249,DarrenSchuettler
2250,DarrenSchuettler
2251,DarrenSchuettler
2252,DarrenSchuettler
2253,DarrenSchuettler
2254,DarrenSchuettler
2255,DarrenSchuettler
2256,DarrenSchuettler
2257,DarrenSchuettler
2258,DarrenSchuettler
2259,DarrenSchuettler
2260,DarrenSchuettler
2261,DarrenSchuettler
2262,DarrenSchuettler
2263,DarrenSchuettler
2264,DarrenSchuettler
2265,DarrenSchuettler
2266,DarrenSchuettler
2267,DarrenSchuettler
2268,DarrenSchuettler
2269,DarrenSchuettler
2270,DarrenSchuettler
2271,DarrenSchuettler
2272,DarrenSchuettler
2273,DarrenSchuettler
2274,DarrenSchuettler
2275,DarrenSchuettler
2276,DarrenSchuettler
2277,DarrenSchuettler
2278,DarrenSchuettler
2279,DarrenSchuettler
2280,DarrenSchuettler
2281,DarrenSchuettler
2282,DarrenSchuettler
2283,DarrenSchuettler
2284,DarrenSchuettler
2285,DarrenSchuettler
2286,DarrenSchuettler
2287,DarrenSchuettler
2288,DarrenSchuettler
2289,DarrenSchuettler
2290,DarrenSchuettler
2291,DarrenSchuettler
2292,DarrenSchuettler
2293,DarrenSchuettler
2294,DarrenSchuettler
2295,DarrenSchuettler
2296,DarrenSchuettler
2297,DarrenSchuettler
2298,DarrenSchuettler
2299,DarrenSchuettler
2300,DarrenSchuettler
2301,DarrenSchuettler
2302,DarrenSchuettler
2303,DarrenSchuettler
2304,DarrenSchuettler
2305,DarrenSchuettler
2306,DarrenSchuettler
2307,DarrenSchuettler
2308,DarrenSchuettler
2309,DarrenSchuettler
2310,DarrenSchuettler
2311,DarrenSchuettler
2312,DarrenSchuettler
2313,DarrenSchuettler
2314,DarrenSchuettler
2315,DarrenSchuettler
2316,DarrenSchuettler
2317,DarrenSchuettler
2318,DarrenSchuettler
2319,DarrenSchuettler
2320,DarrenSchuettler
2321,DarrenSchuettler
2322,DarrenSchuettler
2323,DarrenSchuettler
2324,DarrenSchuettler
2325,DarrenSchuettler
2326,DarrenSchuettler
2327,DarrenSchuettler
2328,DarrenSchuettler
2329,DarrenSchuettler
2330,DarrenSchuettler
2331,DarrenSchuettler
2332,DarrenSchuettler
2333,DarrenSchuettler
2334,DarrenSchuettler
2335,DarrenSchuettler
2336,DarrenSchuettler
2337,DarrenSchuettler
2338,DarrenSchuettler
2339,DarrenSchuettler
2340,DarrenSchuettler
2341,DarrenSchuettler
2342,DarrenSchuettler
2343,DarrenSchuettler
2344,DarrenSchuettler
2345,DarrenSchuettler
2346,DarrenSchuettler
2347,DarrenSchuettler
2348,DarrenSchuettler
2349,DarrenSchuettler
2350,DarrenSchuettler
2351,DarrenSchuettler
2352,DarrenSchuettler
2353,DarrenSchuettler
2354,DarrenSchuettler
2355,DarrenSchuettler
2356,DarrenSchuettler
2357,DarrenSchuettler
2358,DarrenSchuettler
2359,DarrenSchuettler
2360,DarrenSchuettler
2361,DarrenSchuettler
2362,DarrenSchuettler
2363,DarrenSchuettler
2364,DarrenSchuettler
2365,DarrenSchuettler
2366,DarrenSchuettler
2367,DarrenSchuettler
2368,DarrenSchuettler
2369,DarrenSchuettler
2370,DarrenSchuettler
2371,DarrenSchuettler
2372,DarrenSchuettler
2373,DarrenSchuettler
2374,DarrenSchuettler
2375,DarrenSchuettler
2376,DarrenSchuettler
2377,DarrenSchuettler
2378,DarrenSchuettler
2379,DarrenSchuettler
2380,DarrenSchuettler
2381,DarrenSchuettler
2382,DarrenSchuettler
2383,DarrenSchuettler
2384,DarrenSchuettler
2385,DarrenSchuettler
2386,DarrenSchuettler
2387,DarrenSchuettler
2388,DarrenSchuettler
2389,DarrenSchuettler
2390,DarrenSchuettler
2391,DarrenSchuettler
2392,DarrenSchuettler
2393,DarrenSchuettler
2394,DarrenSchuettler
2395,DarrenSchuettler
2396,DarrenSchuettler
2397,DarrenSchuettler
2398,DarrenSchuettler
2399,DarrenSchuettler
2400,DarrenSchuettler
2401,DarrenSchuettler
2402,DarrenSchuettler
2403,DarrenSchuettler
2404,DarrenSchuettler
2405,DarrenSchuettler
2406,DarrenSchuettler
2407,DarrenSchuettler
2408,DarrenSchuettler
2409,DarrenSchuettler
2410,DarrenSchuettler
2411,DarrenSchuettler
2412,DarrenSchuettler
2413,DarrenSchuettler
2414,DarrenSchuettler
2415,DarrenSchuettler
2416,DarrenSchuettler
2417,DarrenSchuettler
2418,DarrenSchuettler
2419,DarrenSchuettler
2420,DarrenSchuettler
2421,DarrenSchuettler
2422,DarrenSchuettler
2423,DarrenSchuettler
2424,DarrenSchuettler
2425,DarrenSchuettler
2426,DarrenSchuettler
2427,DarrenSchuettler
2428,DarrenSchuettler
2429,DarrenSchuettler
2430,DarrenSchuettler
2431,DarrenSchuettler
2432,DarrenSchuettler
2433,DarrenSchuettler
2434,DarrenSchuettler
2435,DarrenSchuettler
2436,DarrenSchuettler
2437,DarrenSchuettler
2438,DarrenSchuettler
2439,DarrenSchuettler
2440,DarrenSchuettler
2441,DarrenSchuettler
2442,DarrenSchuettler
2443,DarrenSchuettler
2444,DarrenSchuettler
2445,DarrenSchuettler
2446,DarrenSchuettler
2447,DarrenSchuettler
2448,DarrenSchuettler
2449,DarrenSchuettler
2450,DarrenSchuettler
2451,DarrenSchuettler
2452,DarrenSchuettler
2453,DarrenSchuettler
2454,DarrenSchuettler
2455,DarrenSchuettler
2456,DarrenSchuettler
2457,DarrenSchuettler
2458,DarrenSchuettler
2459,DarrenSchuettler
2460,DarrenSchuettler
2461,DarrenSchuettler
2462,DarrenSchuettler
2463,DarrenSchuettler
2464,DarrenSchuettler
2465,DarrenSchuettler
2466,DarrenSchuettler
2467,DarrenSchuettler
2468,DarrenSchuettler
2469,DarrenSchuettler
2470,DarrenSchuettler
2471,DarrenSchuettler
2472,DarrenSchuettler
2473,DarrenSchuettler
2474,DarrenSchuettler
2475,DarrenSchuettler
2476,DarrenSchuettler
2477,DarrenSchuettler
2478,DarrenSchuettler
2479,DarrenSchuettler
2480,DarrenSchuettler
2481,DarrenSchuettler
2482,DarrenSchuettler
2483,DarrenSchuettler
2484,DarrenSchuettler
2485,DarrenSchuettler
2486,DarrenSchuettler
2487,DarrenSchuettler
2488,DarrenSchuettler
2489,DarrenSchuettler
2490,DarrenSchuettler
2491,DarrenSchuettler
2492,DarrenSchuettler
2493,DarrenSchuettler
2494,DarrenSchuettler
2495,DarrenSchuettler
2496,DarrenSchuettler
2497,DarrenSchuettler
2498,DarrenSchuettler
2499,DarrenSchuettler
